PRES,HGHT,TEMP,DWPT,RELH,MIXR,DRCT,SKNT,THTA,THTE,THTV
1001.0,58,23.0,20.5,86,15.42,20,10,296.1,340.6,298.8
1000.0,65,22.8,20.2,85,15.14,25,10,295.9,339.7,298.6
977.0,267,21.4,19.5,89,14.83,37,20,296.5,339.5,299.1
971.0,321,23.4,10.4,44,8.22,41,23,299.1,323.5,300.5
954.0,476,26.8,6.9,28,6.58,50,30,304.0,324.1,305.2
944.0,568,28.8,4.8,22,5.74,57,28,307.0,324.9,308.0
930.0,701,31.0,3.0,17,5.13,67,26,310.5,326.8,311.5
925.0,749,30.8,2.8,17,5.09,70,25,310.8,327.0,311.8
905.0,945,31.4,1.4,15,4.70,82,23,313.4,328.5,314.2
850.0,1504,27.8,1.8,19,5.15,115,18,315.2,331.9,316.2
827.0,1743,26.1,1.0,19,5.01,130,17,316.0,332.2,316.9
805.0,1979,24.5,0.3,20,4.87,150,14,316.7,332.6,317.6
773.0,2333,22.0,-0.9,22,4.67,185,22,317.7,333.0,318.6
753.0,2561,20.4,-1.6,23,4.54,189,24,318.3,333.3,319.2
700.0,3184,14.8,-2.2,31,4.67,200,28,318.8,334.2,319.7
606.0,4379,3.8,-7.2,44,3.69,219,35,319.6,331.9,320.3
599.0,4471,2.9,-7.4,46,3.67,220,36,319.6,331.9,320.3
552.0,5122,-3.1,-9.0,64,3.51,215,45,320.0,331.8,320.7
523.0,5551,-7.1,-10.1,79,3.41,220,41,320.2,331.6,320.8
500.0,5900,-9.9,-15.9,62,2.23,225,38,320.9,328.6,321.3
470.0,6373,-14.0,-18.2,70,1.94,225,35,321.5,328.3,321.9
468.0,6406,-14.3,-18.4,71,1.93,224,35,321.6,328.3,321.9
419.0,7236,-19.3,-26.3,54,1.07,211,40,325.5,329.4,325.7
413.0,7343,-19.9,-24.9,64,1.24,209,41,326.1,330.5,326.3
405.0,7488,-20.3,-37.3,20,0.39,207,41,327.4,328.9,327.4
404.0,7506,-20.3,-36.3,23,0.43,206,42,327.6,329.2,327.7
400.0,7580,-21.1,-33.1,33,0.59,205,42,327.5,329.7,327.6
387.0,7824,-23.1,-27.4,68,1.05,200,47,328.0,331.8,328.2
359.0,8371,-26.9,-44.9,17,0.20,206,46,330.0,330.8,330.0
344.0,8675,-29.6,-42.7,27,0.26,210,45,330.4,331.4,330.5
319.0,9212,-34.3,-38.8,64,0.42,198,43,331.1,332.7,331.1
314.0,9323,-35.2,-39.9,62,0.38,195,43,331.3,332.8,331.4
303.0,9571,-37.3,-42.3,60,0.31,199,41,331.7,333.0,331.8
300.0,9640,-37.7,-44.7,48,0.24,200,40,332.1,333.1,332.2
294.0,9779,-37.9,-52.9,19,0.10,201,41,333.8,334.2,333.8
278.0,10162,-38.9,-58.9,10,0.05,204,42,337.7,337.9,337.7
260.0,10616,-41.5,,,,208,44,340.4,,340.4
251.0,10853,-43.1,,,,210,45,341.5,,341.5
250.0,10880,-43.3,,,,210,45,341.6,,341.6
231.0,11404,-45.9,,,,220,42,345.5,,345.5
207.0,12132,-49.4,,,,200,34,350.9,,350.9
200.0,12360,-50.5,,,,205,33,352.6,,352.6
181.0,13004,-55.6,,,,210,37,354.5,,354.5
178.0,13112,-56.5,,,,212,33,354.8,,354.8
167.0,13514,-58.1,,,,220,19,358.5,,358.5
151.0,14148,-60.7,,,,220,17,364.6,,364.6
150.0,14190,-60.9,,,,220,17,365.0,,365.0
142.0,14525,-62.3,,,,245,23,368.3,,368.3
136.0,14789,-63.4,,,,205,15,370.9,,370.9
134.0,14880,-63.8,,,,210,12,371.8,,371.8
132.0,14972,-64.1,,,,225,12,372.8,,372.8
128.0,15160,-64.9,,,,215,13,374.6,,374.6
125.0,15305,-65.5,,,,175,18,376.1,,376.1
121.0,15504,-66.3,,,,165,25,378.1,,378.1
113.0,15923,-68.1,,,,185,31,382.4,,382.4
112.0,15977,-68.3,,,,190,31,382.9,,382.9
107.0,16252,-67.8,,,,200,20,388.9,,388.9
103.0,16482,-67.4,,,,185,14,393.9,,393.9
100.0,16660,-67.1,,,,200,11,397.8,,397.8
87.0,17495,-70.3,,,,205,22,407.5,,407.5
70.0,18800,-66.3,,,,70,2,442.2,,442.2
50.0,20880,-58.1,,,,90,23,506.1,,506.1
30.0,24120,-53.7,,,,95,37,597.6,,597.6
20.0,26740,-51.1,,,,85,32,679.0,,679.0
10.0,31380,-42.1,,,,90,44,861.3,,861.3
1007.0,58,22.2,18.4,79,13.40,240,4,294.8,333.3,297.1
1000.0,115,21.2,18.0,82,13.16,270,9,294.4,332.1,296.7
976.0,324,19.6,17.1,85,12.75,290,11,294.8,331.6,297.1
925.0,786,16.2,15.2,94,11.88,290,8,295.9,330.3,298.0
906.0,963,14.6,14.3,98,11.43,297,5,296.0,329.1,298.0
903.0,991,14.6,14.1,97,11.32,298,5,296.3,329.1,298.3
898.0,1038,18.2,10.2,60,8.77,300,4,300.4,326.6,302.0
886.0,1153,17.8,8.8,56,8.10,305,2,301.2,325.5,302.7
850.0,1508,16.6,4.6,45,6.29,355,7,303.5,322.8,304.7
797.0,2051,14.4,-11.6,15,1.98,270,5,306.8,313.4,307.2
775.0,2288,13.5,-18.7,9,1.14,215,13,308.3,312.1,308.5
751.0,2553,12.4,-26.6,5,0.58,233,18,309.9,312.0,310.0
748.0,2586,12.2,-25.9,5,0.62,235,19,310.0,312.2,310.2
700.0,3138,9.0,-15.0,17,1.71,230,21,312.4,318.2,312.7
695.0,3197,8.4,-12.6,21,2.10,230,22,312.4,319.4,312.8
632.0,3978,4.8,-21.2,13,1.12,228,30,316.9,320.9,317.1
500.0,5840,-9.1,-33.1,12,0.47,225,52,321.9,323.7,322.0
443.0,6758,-15.5,-41.1,9,0.24,225,58,325.1,326.1,325.1
430.0,6984,-17.1,-43.1,9,0.20,225,57,325.9,326.7,325.9
400.0,7520,-21.3,-38.3,20,0.35,225,56,327.2,328.6,327.3
399.0,7539,-21.3,-38.3,20,0.35,225,56,327.4,328.8,327.5
386.0,7782,-24.1,-31.1,52,0.74,230,55,326.9,329.7,327.0
385.0,7801,-23.7,-28.5,65,0.95,230,55,327.7,331.2,327.9
370.0,8091,-25.5,-28.1,79,1.03,235,55,329.0,332.8,329.2
358.0,8330,-27.1,-29.9,77,0.90,239,54,330.0,333.3,330.2
356.0,8370,-27.4,-30.2,77,0.87,240,54,330.1,333.3,330.2
334.0,8821,-31.2,-34.3,74,0.63,230,52,331.0,333.4,331.1
300.0,9580,-37.5,-41.0,70,0.35,225,56,332.4,333.8,332.5
271.0,10272,-43.1,,,,217,55,334.1,,334.1
263.0,10473,-44.7,,,,215,55,334.6,,334.6
258.0,10601,-45.7,,,,217,56,335.0,,335.0
250.0,10810,-47.5,,,,220,57,335.3,,335.3
235.0,11216,-50.7,,,,223,58,336.5,,336.5
225.0,11497,-53.1,,,,225,59,337.0,,337.0
211.0,11913,-51.1,,,,225,66,346.4,,346.4
207.0,12037,-51.4,,,,225,68,347.8,,347.8
200.0,12260,-51.9,,,,225,60,350.4,,350.4
178.0,13008,-53.1,,,,240,50,360.2,,360.2
163.0,13573,-54.1,,,,225,34,367.8,,367.8
158.0,13770,-55.1,,,,220,28,369.5,,369.5
153.0,13974,-56.1,,,,200,26,371.1,,371.1
151.0,14058,-56.5,,,,190,27,371.8,,371.8
150.0,14100,-56.7,,,,190,28,372.2,,372.2
140.0,14534,-59.8,,,,190,36,374.2,,374.2
133.0,14856,-62.1,,,,201,38,375.6,,375.6
125.0,15238,-63.0,,,,215,41,380.7,,380.7
119.0,15541,-63.7,,,,200,31,384.8,,384.8
108.0,16137,-65.1,,,,255,23,393.0,,393.0
103.0,16429,-65.8,,,,235,17,397.0,,397.0
102.0,16489,-65.9,,,,240,19,397.9,,397.9
100.0,16610,-65.3,,,,245,17,401.3,,401.3
70.0,18790,-62.5,,,,160,9,450.3,,450.3
50.0,20880,-58.9,,,,120,22,504.2,,504.2
30.0,24120,-54.3,,,,95,31,596.0,,596.0
20.0,26740,-50.3,,,,95,32,681.5,,681.5
10.0,31370,-39.5,,,,90,42,871.0,,871.0
1011.0,58,21.2,17.6,80,12.68,0,10,293.4,329.7,295.7
1000.0,147,19.8,17.4,86,12.66,35,12,292.9,329.1,295.2
997.0,173,19.6,17.3,87,12.63,40,12,293.0,329.1,295.2
940.0,677,15.8,15.8,100,12.15,35,15,294.1,329.0,296.2
937.0,704,16.0,15.7,98,12.11,37,16,294.6,329.4,296.7
933.0,741,18.4,16.7,90,12.98,39,17,297.4,335.2,299.7
932.0,750,18.9,14.8,77,11.50,40,17,298.0,331.6,300.0
927.0,796,21.4,5.4,35,6.10,51,17,301.0,319.5,302.1
925.0,815,21.2,5.2,35,6.03,55,17,301.0,319.3,302.1
922.0,843,21.2,4.5,33,5.75,60,17,301.2,318.7,302.3
898.0,1071,21.0,-1.3,22,3.89,65,14,303.3,315.5,304.0
850.0,1545,20.6,-13.4,9,1.61,100,3,307.7,313.1,308.0
822.0,1833,19.0,-9.0,14,2.36,57,2,309.0,316.8,309.4
784.0,2236,15.4,-4.6,25,3.48,356,1,309.3,320.5,310.0
777.0,2312,15.1,-4.6,25,3.51,345,1,309.7,321.1,310.4
745.0,2667,13.4,-4.6,28,3.67,286,3,311.7,323.6,312.4
742.0,2701,13.2,-5.3,27,3.49,280,3,311.9,323.2,312.5
700.0,3188,10.6,-15.4,15,1.66,225,11,314.2,319.9,314.5
685.0,3368,9.8,-16.6,14,1.54,215,16,315.2,320.5,315.5
671.0,3539,8.9,-17.7,13,1.43,210,18,316.2,321.1,316.4
655.0,3739,8.0,-19.0,13,1.31,225,21,317.3,321.9,317.5
650.0,3802,7.6,-20.7,11,1.14,230,22,317.5,321.5,317.7
631.0,4046,5.8,-27.3,7,0.65,220,32,318.2,320.6,318.4
624.0,4138,5.2,-29.8,6,0.52,222,34,318.5,320.4,318.6
596.0,4505,2.1,-30.1,7,0.53,230,41,319.1,321.1,319.2
521.0,5580,-6.9,-30.9,13,0.56,239,35,320.8,322.9,320.9
509.0,5761,-8.0,-28.1,18,0.75,240,34,321.5,324.3,321.7
500.0,5900,-8.9,-25.9,24,0.93,240,35,322.1,325.5,322.3
492.0,6024,-10.1,-19.1,48,1.73,234,37,322.1,328.2,322.5
486.0,6118,-11.0,-20.0,47,1.62,230,39,322.2,327.9,322.5
485.0,6134,-11.1,-20.1,47,1.61,231,39,322.2,327.9,322.6
481.0,6197,-11.1,-33.1,14,0.49,235,37,323.0,324.9,323.1
465.0,6454,-12.7,-37.9,10,0.32,250,29,324.1,325.3,324.2
441.0,6855,-15.3,-45.3,6,0.15,243,21,325.8,326.4,325.8
433.0,6991,-16.5,-44.2,7,0.17,240,18,326.0,326.7,326.1
427.0,7095,-17.4,-43.4,8,0.19,250,16,326.2,327.0,326.2
423.0,7165,-17.9,-42.8,9,0.21,260,18,326.3,327.1,326.4
400.0,7580,-21.5,-39.5,18,0.31,265,22,327.0,328.2,327.0
385.0,7859,-23.8,-43.3,15,0.22,265,28,327.5,328.4,327.6
362.0,8309,-27.5,-49.5,10,0.12,278,23,328.4,328.9,328.4
350.0,8546,-29.7,-48.8,14,0.13,285,21,328.6,329.2,328.7
318.0,9223,-35.8,-46.8,31,0.18,265,20,329.2,329.9,329.3
307.0,9471,-38.1,-46.1,43,0.20,274,18,329.4,330.2,329.4
300.0,9630,-39.3,-49.3,34,0.14,280,17,329.9,330.4,329.9
296.0,9721,-40.2,,,,275,16,329.8,,329.8
294.0,9768,-40.7,,,,274,16,329.8,,329.8
266.0,10436,-45.6,,,,260,21,332.1,,332.1
250.0,10850,-48.7,,,,300,21,333.5,,333.5
240.0,11117,-50.2,,,,330,21,335.2,,335.2
229.0,11425,-51.9,,,,312,23,337.1,,337.1
213.0,11893,-53.4,,,,285,25,341.8,,341.8
205.0,12140,-54.2,,,,295,30,344.4,,344.4
200.0,12300,-54.7,,,,300,28,346.0,,346.0
195.0,12460,-55.0,,,,315,27,348.1,,348.1
190.0,12625,-55.2,,,,315,15,350.3,,350.3
188.0,12691,-55.3,,,,300,12,351.2,,351.2
181.0,12932,-55.7,,,,265,18,354.4,,354.4
168.0,13403,-56.4,,,,270,29,360.8,,360.8
157.0,13831,-57.1,,,,295,19,366.8,,366.8
152.0,14036,-57.4,,,,270,20,369.6,,369.6
150.0,14120,-57.5,,,,275,18,370.8,,370.8
146.0,14290,-58.1,,,,265,9,372.6,,372.6
145.0,14333,-58.3,,,,265,9,373.0,,373.0
142.0,14465,-58.8,,,,245,12,374.4,,374.4
138.0,14644,-59.5,,,,275,16,376.2,,376.2
135.0,14782,-58.5,,,,258,16,380.4,,380.4
130.0,15016,-59.3,,,,230,15,383.0,,383.0
124.0,15308,-60.4,,,,230,24,386.3,,386.3
112.0,15938,-62.6,,,,260,15,393.5,,393.5
107.0,16221,-63.6,,,,305,10,396.8,,396.8
100.0,16640,-65.1,,,,155,9,401.7,,401.7
98.9,16707,-65.5,,,,160,10,402.2,,402.2
70.0,18820,-62.3,,,,170,8,450.8,,450.8
50.0,20910,-58.5,,,,110,27,505.2,,505.2
30.0,24140,-54.1,,,,100,36,596.6,,596.6
20.0,26780,-49.3,,,,80,33,684.5,,684.5
10.0,31400,-40.5,,,,,,867.2,,867.2
1012.0,58,21.2,18.4,84,13.34,20,2,293.4,331.5,295.7
1000.0,164,20.2,18.0,87,13.16,15,10,293.4,331.0,295.7
960.0,515,16.8,16.6,99,12.53,15,11,293.4,329.2,295.6
956.0,551,16.8,16.0,95,12.10,15,11,293.7,328.4,295.8
951.0,596,19.0,6.0,43,6.20,15,11,296.4,314.8,297.5
948.0,623,20.2,7.2,43,6.76,15,11,297.9,318.0,299.1
945.0,650,19.8,9.8,52,8.11,15,11,297.7,321.7,299.2
932.0,770,20.3,8.4,46,7.46,15,11,299.4,321.7,300.8
925.0,835,20.6,7.6,43,7.13,10,11,300.4,321.8,301.7
915.0,929,21.6,4.2,32,5.69,20,10,302.3,319.7,303.3
902.0,1053,22.8,-0.2,22,4.20,62,8,304.8,318.0,305.6
892.0,1150,22.2,-1.8,20,3.77,95,6,305.1,317.1,305.9
865.0,1417,24.1,-6.6,12,2.70,185,1,309.9,318.7,310.4
864.0,1427,24.2,-6.8,12,2.67,184,1,310.0,318.8,310.5
850.0,1569,23.2,-6.8,13,2.71,170,4,310.4,319.3,310.9
805.0,2039,19.2,-1.8,24,4.18,216,6,311.0,324.5,311.8
768.0,2440,17.6,-7.8,17,2.79,255,7,313.5,322.7,314.0
766.0,2463,17.5,-8.1,17,2.72,260,7,313.6,322.7,314.1
730.0,2873,15.8,-14.2,11,1.75,249,21,316.1,322.2,316.5
702.0,3204,14.6,-12.4,14,2.11,241,33,318.4,325.6,318.8
700.0,3228,14.4,-11.6,15,2.26,240,34,318.4,326.1,318.8
694.0,3299,13.7,-11.5,16,2.29,240,36,318.5,326.3,318.9
595.0,4564,2.0,-10.4,39,2.93,220,36,319.2,329.1,319.8
571.0,4902,-1.1,-10.1,50,3.12,220,34,319.3,329.8,319.9
540.0,5346,-3.5,-27.9,13,0.72,240,30,321.6,324.2,321.7
537.0,5390,-3.7,-29.7,11,0.61,241,30,321.8,324.1,321.9
519.0,5657,-5.7,-27.4,16,0.78,245,27,322.6,325.4,322.7
500.0,5950,-7.9,-24.9,24,1.02,230,19,323.3,327.1,323.5
496.0,6012,-8.4,-24.0,27,1.12,230,19,323.5,327.5,323.7
486.0,6169,-9.7,-21.7,37,1.39,235,17,323.8,328.8,324.0
481.0,6248,-9.7,-33.7,12,0.46,237,17,324.7,326.5,324.8
469.0,6442,-10.5,-41.5,6,0.22,243,15,326.1,326.9,326.1
465.0,6507,-11.0,-38.0,9,0.31,245,14,326.3,327.5,326.3
456.0,6657,-12.1,-30.1,21,0.69,225,15,326.7,329.3,326.9
446.0,6823,-13.3,-32.0,19,0.59,240,17,327.2,329.5,327.4
411.0,7436,-17.8,-39.0,14,0.32,235,14,329.2,330.5,329.3
400.0,7640,-19.3,-41.3,12,0.26,245,12,329.8,330.9,329.9
395.0,7734,-19.8,-43.5,10,0.21,260,12,330.4,331.2,330.4
394.0,7752,-19.9,-43.9,10,0.20,260,12,330.5,331.3,330.5
354.0,8521,-26.4,-48.1,11,0.14,255,13,331.9,332.5,332.0
330.0,9025,-30.7,-50.8,12,0.11,210,15,332.8,333.3,332.8
310.0,9475,-34.5,-53.2,13,0.09,215,10,333.5,333.9,333.5
300.0,9710,-36.5,-54.5,14,0.08,225,11,333.8,334.1,333.8
262.0,10631,-44.1,,,,245,10,335.9,,335.9
250.0,10950,-46.7,,,,240,17,336.5,,336.5
240.0,11218,-49.3,,,,236,16,336.5,,336.5
227.0,11578,-51.3,,,,230,14,338.9,,338.9
222.0,11723,-52.1,,,,233,14,339.8,,339.8
211.0,12048,-53.6,,,,240,15,342.5,,342.5
201.0,12358,-55.0,,,,270,12,345.1,,345.1
200.0,12390,-55.1,,,,270,12,345.4,,345.4
194.0,12584,-56.5,,,,265,10,346.2,,346.2
187.0,12819,-58.1,,,,274,12,347.2,,347.2
182.0,12989,-58.7,,,,280,14,348.9,,348.9
177.0,13163,-59.3,,,,295,20,350.7,,350.7
169.0,13453,-60.3,,,,325,14,353.7,,353.7
155.0,13995,-62.2,,,,315,9,359.4,,359.4
150.0,14200,-62.9,,,,265,9,361.5,,361.5
148.0,14282,-63.3,,,,255,11,362.2,,362.2
134.0,14887,-66.4,,,,290,9,367.1,,367.1
132.0,14978,-66.9,,,,300,9,367.8,,367.8
123.0,15408,-65.7,,,,215,12,377.6,,377.6
118.0,15661,-64.9,,,,205,14,383.4,,383.4
112.0,15979,-64.0,,,,255,14,390.9,,390.9
110.0,16089,-63.7,,,,300,10,393.5,,393.5
105.0,16372,-62.9,,,,224,10,400.3,,400.3
100.0,16670,-65.3,,,,145,10,401.3,,401.3
70.0,18850,-62.9,,,,55,8,449.5,,449.5
50.0,20930,-61.3,,,,95,26,498.6,,498.6
30.0,24160,-54.7,,,,85,37,594.9,,594.9
20.0,26770,-49.5,,,,95,42,683.9,,683.9
1006.0,58,22.8,21.4,92,16.23,20,8,295.4,342.2,298.3
1000.0,105,22.0,20.6,92,15.53,30,11,295.1,339.8,297.9
984.0,245,20.9,19.4,91,14.65,45,14,295.4,337.7,298.1
961.0,450,19.4,17.7,90,13.44,35,17,295.9,334.7,298.3
957.0,486,21.6,19.0,85,14.67,38,17,298.5,341.3,301.1
925.0,785,28.8,3.8,20,5.46,60,15,308.8,325.9,309.8
921.0,823,29.2,-1.8,13,3.65,64,14,309.5,321.3,310.2
913.0,901,28.2,15.2,45,12.04,71,11,309.3,346.2,311.5
903.0,999,28.6,13.6,40,10.97,80,7,310.7,344.6,312.7
883.0,1199,29.4,10.4,31,9.04,168,11,313.5,341.9,315.2
878.0,1249,30.8,7.4,23,7.41,190,12,315.4,339.1,316.8
875.0,1280,31.6,5.6,20,6.56,189,12,316.6,337.7,317.9
853.0,1508,29.8,2.1,17,5.24,180,13,317.1,334.2,318.1
850.0,1539,29.6,1.6,17,5.08,185,13,317.1,333.7,318.1
834.0,1704,28.2,1.4,18,5.08,210,10,317.4,334.0,318.3
797.0,2098,24.8,0.7,21,5.09,235,11,317.9,334.5,318.8
700.0,3224,15.0,-1.0,33,5.11,235,18,319.1,335.8,320.1
694.0,3296,14.3,-1.4,34,5.00,230,19,319.1,335.6,320.1
665.0,3653,11.1,-3.4,36,4.49,250,23,319.4,334.2,320.2
632.0,4078,7.2,-5.8,39,3.94,243,24,319.6,332.8,320.4
616.0,4285,5.3,-6.3,43,3.89,240,24,319.8,332.8,320.6
544.0,5289,-3.9,-8.8,69,3.63,240,19,320.4,332.6,321.1
516.0,5704,-6.9,-13.9,57,2.54,240,17,321.6,330.4,322.1
515.0,5719,-7.0,-13.8,59,2.58,240,17,321.7,330.6,322.2
500.0,5950,-8.3,-11.5,78,3.19,230,21,322.9,333.7,323.5
493.0,6059,-9.3,-11.5,84,3.24,227,21,322.9,333.9,323.6
469.0,6439,-12.1,-13.7,88,2.84,215,22,324.1,333.9,324.6
452.0,6720,-14.2,-15.4,91,2.58,225,17,324.9,333.9,325.4
432.0,7065,-16.7,-17.4,95,2.28,190,14,325.9,333.9,326.4
426.0,7171,-17.5,-18.0,96,2.19,199,14,326.2,333.9,326.7
406.0,7529,-19.6,-24.4,65,1.31,230,16,328.1,332.8,328.3
401.0,7622,-20.1,-26.1,59,1.14,230,13,328.5,332.7,328.8
400.0,7640,-20.3,-26.3,59,1.12,230,12,328.5,332.6,328.7
390.0,7824,-21.7,-27.4,60,1.04,220,10,329.1,333.0,329.3
378.0,8051,-23.4,-28.8,61,0.94,215,16,329.8,333.4,330.0
369.0,8225,-24.6,-29.9,62,0.87,195,16,330.4,333.7,330.6
362.0,8364,-25.7,-30.8,62,0.82,200,17,330.8,333.9,331.0
355.0,8506,-26.7,-31.6,63,0.77,180,15,331.3,334.2,331.4
342.0,8777,-28.8,-33.3,65,0.68,205,12,332.1,334.7,332.2
336.0,8905,-29.7,-34.1,66,0.64,200,14,332.5,334.9,332.6
320.0,9249,-32.9,-35.6,76,0.58,185,18,332.8,335.0,332.9
313.0,9405,-34.3,-36.3,82,0.55,155,17,332.9,335.0,333.0
312.0,9427,-34.5,-36.4,83,0.55,156,17,332.9,335.0,333.0
303.0,9631,-35.9,-41.9,54,0.32,166,20,333.7,335.0,333.8
300.0,9700,-36.5,-41.5,60,0.34,170,21,333.8,335.2,333.9
297.0,9770,-37.1,-40.6,70,0.37,165,21,333.9,335.4,334.0
285.0,10054,-38.9,-50.9,27,0.13,172,27,335.3,335.8,335.3
280.0,10175,-39.9,-47.7,43,0.18,175,30,335.6,336.3,335.6
279.0,10199,-40.1,-47.1,47,0.20,175,31,335.6,336.4,335.7
258.0,10729,-43.7,,,,168,42,337.9,,337.9
250.0,10940,-45.5,,,,165,46,338.3,,338.3
249.0,10966,-45.7,,,,160,46,338.4,,338.4
223.0,11695,-51.5,,,,163,41,340.3,,340.3
211.0,12053,-52.8,,,,165,39,343.7,,343.7
200.0,12400,-54.1,,,,200,28,346.9,,346.9
197.0,12495,-54.6,,,,210,24,347.7,,347.7
190.0,12721,-55.7,,,,205,16,349.4,,349.4
176.0,13200,-58.2,,,,240,25,353.1,,353.1
153.0,14076,-62.7,,,,250,22,359.9,,359.9
150.0,14200,-63.3,,,,240,21,360.8,,360.8
142.0,14536,-65.3,,,,238,24,363.0,,363.0
129.0,15118,-67.2,,,,235,28,369.8,,369.8
128.0,15165,-67.3,,,,235,28,370.4,,370.4
125.0,15308,-67.2,,,,240,31,373.2,,373.2
119.0,15606,-66.8,,,,270,14,379.0,,379.0
113.0,15920,-66.5,,,,230,13,385.3,,385.3
111.0,16028,-66.4,,,,235,12,387.5,,387.5
107.0,16250,-66.1,,,,315,10,392.0,,392.0
103.0,16481,-65.9,,,,270,3,396.8,,396.8
100.0,16660,-65.7,,,,190,9,400.5,,400.5
70.0,18830,-65.1,,,,35,2,444.8,,444.8
50.0,20910,-60.7,,,,60,21,500.0,,500.0
30.0,24150,-54.7,,,,90,29,594.9,,594.9
20.0,26760,-50.5,,,,90,26,680.8,,680.8
10.0,31380,-39.7,,,,100,45,870.2,,870.2
1007.0,58,24.2,21.1,83,15.91,260,6,296.8,342.9,299.6
1000.0,114,22.8,21.3,91,16.23,255,11,295.9,342.8,298.8
989.0,210,21.9,21.1,96,16.25,245,15,295.9,342.9,298.8
986.0,237,21.6,21.1,97,16.26,242,16,295.9,342.9,298.8
984.0,255,22.6,20.3,87,15.46,240,16,297.1,342.0,299.9
969.0,390,30.0,14.0,38,10.47,203,14,305.9,337.7,307.8
967.0,409,29.8,13.8,38,10.35,198,14,305.9,337.3,307.8
964.0,436,30.0,16.0,43,12.00,190,13,306.3,342.7,308.6
957.0,502,33.2,11.2,26,8.80,173,12,310.2,337.6,311.9
956.0,511,33.3,10.9,25,8.65,170,12,310.4,337.3,312.0
949.0,577,34.0,9.0,22,7.64,169,13,311.8,335.8,313.2
925.0,808,32.6,9.6,24,8.17,165,15,312.6,338.3,314.2
895.0,1103,30.9,9.1,26,8.14,150,14,313.8,339.6,315.4
863.0,1429,29.0,8.4,28,8.10,165,15,315.1,340.9,316.7
850.0,1565,28.2,8.2,28,8.09,140,11,315.7,341.4,317.2
825.0,1829,26.9,2.5,21,5.58,170,10,317.1,335.2,318.1
822.0,1861,26.8,1.8,20,5.33,169,10,317.2,334.6,318.2
780.0,2315,23.0,0.6,23,5.16,150,8,317.9,334.8,318.9
732.0,2864,18.4,-0.8,27,4.96,180,1,318.8,335.0,319.7
700.0,3250,15.2,-1.8,31,4.81,265,4,319.3,335.1,320.2
617.0,4277,5.8,-5.1,45,4.27,250,8,320.2,334.5,321.1
602.0,4477,4.0,-5.7,49,4.17,210,11,320.4,334.3,321.2
586.0,4696,2.0,-6.4,54,4.06,240,9,320.5,334.1,321.3
579.0,4794,1.1,-6.7,56,4.01,240,6,320.6,334.0,321.4
567.0,4964,-0.4,-7.3,60,3.93,260,17,320.7,333.8,321.5
558.0,5094,-1.6,-7.7,63,3.87,255,16,320.8,333.7,321.5
548.0,5241,-3.0,-8.1,68,3.80,230,16,320.8,333.6,321.6
524.0,5605,-6.3,-9.3,79,3.63,235,17,321.0,333.1,321.7
501.0,5954,-8.8,-12.6,74,2.92,240,17,322.1,332.0,322.6
500.0,5970,-8.9,-12.7,74,2.90,245,17,322.1,332.0,322.7
489.0,6141,-10.0,-15.8,62,2.29,270,14,322.9,330.8,323.3
482.0,6252,-10.7,-17.9,55,1.96,265,17,323.4,330.2,323.7
443.0,6902,-14.7,-29.7,27,0.74,293,15,326.1,328.9,326.3
440.0,6954,-15.2,-29.3,29,0.77,295,15,326.2,329.1,326.3
424.0,7234,-17.7,-27.0,44,0.99,260,17,326.4,330.0,326.6
423.0,7252,-17.9,-26.9,45,1.01,262,17,326.4,330.1,326.6
415.0,7395,-18.9,-27.9,45,0.93,280,18,326.9,330.3,327.0
400.0,7670,-20.9,-29.9,44,0.80,270,22,327.7,330.8,327.9
329.0,9084,-31.1,-43.1,30,0.26,245,20,332.5,333.6,332.6
315.0,9389,-33.9,-44.5,34,0.23,240,20,332.8,333.7,332.8
300.0,9730,-37.1,-46.1,39,0.20,250,21,333.0,333.8,333.0
290.0,9959,-39.2,,,,250,22,333.2,,333.2
264.0,10592,-45.0,,,,235,23,333.9,,333.9
250.0,10960,-48.3,,,,245,25,334.1,,334.1
249.0,10986,-48.6,,,,250,25,334.1,,334.1
246.0,11065,-49.5,,,,246,24,333.9,,333.9
242.0,11172,-49.8,,,,240,22,335.0,,335.0
234.0,11390,-50.4,,,,270,23,337.3,,337.3
233.0,11418,-50.5,,,,271,23,337.6,,337.6
215.0,11937,-52.7,,,,291,29,342.0,,342.0
212.0,12027,-53.0,,,,295,30,342.9,,342.9
200.0,12400,-54.3,,,,295,29,346.6,,346.6
195.0,12563,-53.3,,,,297,23,350.7,,350.7
186.0,12861,-54.9,,,,300,12,352.9,,352.9
179.0,13104,-56.2,,,,285,11,354.6,,354.6
171.0,13392,-57.8,,,,290,14,356.7,,356.7
166.0,13580,-58.8,,,,305,15,358.0,,358.0
159.0,13852,-60.3,,,,290,22,359.9,,359.9
150.0,14220,-62.3,,,,300,27,362.6,,362.6
148.0,14302,-62.7,,,,305,29,363.2,,363.2
145.0,14428,-63.3,,,,310,27,364.3,,364.3
134.0,14911,-65.7,,,,315,24,368.4,,368.4
128.0,15190,-64.8,,,,305,24,374.9,,374.9
123.0,15434,-64.0,,,,330,19,380.6,,380.6
120.0,15584,-63.5,,,,4,15,384.2,,384.2
112.0,16003,-65.6,,,,100,3,388.0,,388.0
103.0,16512,-68.1,,,,225,12,392.6,,392.6
102.0,16571,-67.5,,,,240,13,394.8,,394.8
100.0,16690,-66.3,,,,280,12,399.4,,399.4
70.0,18870,-64.9,,,,100,6,445.2,,445.2
50.0,20940,-60.9,,,,75,23,499.5,,499.5
30.0,24170,-54.5,,,,95,28,595.5,,595.5
20.0,26800,-49.3,,,,91,36,684.5,,684.5
10.0,31410,-40.7,,,,85,49,866.5,,866.5
1006.0,58,24.0,21.5,86,16.34,280,6,296.6,344.0,299.5
1000.0,112,23.0,21.1,89,16.03,265,10,296.1,342.5,299.0
983.0,262,21.4,20.4,94,15.60,237,9,296.0,341.1,298.8
979.0,297,21.8,20.4,92,15.67,230,9,296.7,342.1,299.5
970.0,378,28.8,12.8,37,9.66,215,9,304.6,333.8,306.4
963.0,443,31.0,8.0,24,7.03,215,10,307.4,329.2,308.8
956.0,508,30.6,5.6,21,6.00,215,11,307.7,326.4,308.8
940.0,659,30.6,10.7,29,8.66,175,16,309.2,336.0,310.8
931.0,745,30.6,13.6,35,10.62,166,21,310.0,342.8,312.0
925.0,803,33.0,9.0,23,7.84,160,25,313.1,337.8,314.5
923.0,822,32.8,9.1,23,7.92,160,26,313.1,338.0,314.6
877.0,1279,28.6,11.6,35,9.87,172,18,313.3,344.2,315.1
866.0,1392,29.3,2.1,17,5.16,175,16,315.2,331.9,316.2
862.0,1433,29.6,-1.4,13,4.02,174,16,315.9,329.1,316.6
850.0,1557,28.6,-2.4,13,3.79,170,15,316.1,328.6,316.8
840.0,1662,27.6,-3.4,13,3.56,164,14,316.1,327.9,316.8
834.0,1723,27.0,-3.2,13,3.62,160,14,316.2,328.1,316.9
801.0,2072,23.9,-2.4,17,4.02,200,13,316.5,329.7,317.3
785.0,2246,22.3,-2.0,20,4.23,220,17,316.6,330.5,317.4
739.0,2766,17.6,-0.7,29,4.93,220,18,317.0,333.1,318.0
721.0,2979,15.7,-0.2,34,5.25,205,18,317.1,334.2,318.2
700.0,3234,13.4,0.4,41,5.66,215,19,317.3,335.7,318.4
688.0,3379,12.0,-1.0,41,5.20,223,18,317.3,334.2,318.3
664.0,3667,9.6,-2.2,44,4.92,240,16,317.8,333.9,318.8
636.0,4015,6.7,-3.7,48,4.59,245,17,318.4,333.5,319.3
629.0,4105,5.9,-4.1,49,4.51,230,17,318.6,333.4,319.4
600.0,4487,2.7,-5.7,54,4.18,250,21,319.2,333.0,320.0
521.0,5630,-6.9,-10.6,75,3.29,223,24,320.8,331.9,321.4
513.0,5750,-7.7,-11.5,75,3.12,220,24,321.2,331.8,321.8
500.0,5950,-9.1,-12.9,74,2.85,225,26,321.9,331.6,322.4
468.0,6455,-12.8,-16.4,74,2.27,245,24,323.4,331.4,323.9
437.0,6978,-16.6,-20.1,74,1.78,225,22,325.0,331.3,325.4
433.0,7049,-17.1,-20.6,74,1.72,229,21,325.2,331.3,325.6
429.0,7118,-17.5,-27.5,41,0.94,233,21,325.6,329.0,325.8
419.0,7295,-18.9,-23.9,65,1.33,243,19,326.0,330.8,326.2
412.0,7420,-19.7,-29.7,41,0.80,251,18,326.5,329.5,326.7
408.0,7493,-19.8,-34.5,26,0.50,255,17,327.3,329.3,327.4
402.0,7603,-19.9,-41.9,12,0.24,251,18,328.6,329.5,328.6
400.0,7640,-19.9,-40.9,14,0.27,250,19,329.0,330.1,329.1
376.0,8096,-22.7,-44.7,12,0.19,245,17,331.2,332.0,331.2
355.0,8507,-26.0,-47.0,12,0.16,240,16,332.2,332.9,332.3
344.0,8732,-27.8,-48.2,12,0.14,260,17,332.8,333.4,332.8
319.0,9271,-32.2,-51.2,13,0.11,275,19,334.0,334.5,334.0
304.0,9615,-34.9,-53.2,14,0.09,265,17,334.8,335.1,334.8
300.0,9710,-35.7,-53.7,14,0.09,270,17,334.9,335.3,335.0
292.0,9894,-37.3,,,,275,17,335.3,,335.3
274.0,10329,-41.0,,,,245,16,336.1,,336.1
257.0,10766,-44.7,,,,235,19,336.8,,336.8
250.0,10950,-46.1,,,,230,21,337.4,,337.4
240.0,11217,-48.5,,,,230,22,337.8,,337.8
227.0,11581,-51.7,,,,244,21,338.3,,338.3
218.0,11840,-53.2,,,,255,21,339.8,,339.8
208.0,12139,-55.0,,,,250,18,341.6,,341.6
200.0,12390,-56.5,,,,265,23,343.1,,343.1
194.0,12582,-57.7,,,,275,22,344.3,,344.3
187.0,12813,-59.1,,,,265,26,345.6,,345.6
186.0,12847,-59.3,,,,267,25,345.8,,345.8
179.0,13088,-58.3,,,,285,15,351.2,,351.2
178.0,13124,-58.2,,,,275,12,352.0,,352.0
172.0,13339,-57.3,,,,237,13,356.9,,356.9
171.0,13376,-57.4,,,,230,13,357.4,,357.4
155.0,13994,-58.7,,,,245,24,365.4,,365.4
150.0,14200,-59.1,,,,280,19,368.1,,368.1
148.0,14283,-59.6,,,,295,15,368.7,,368.7
140.0,14625,-61.5,,,,265,5,371.2,,371.2
127.0,15226,-64.9,,,,210,5,375.5,,375.5
120.0,15575,-66.9,,,,190,10,378.0,,378.0
119.0,15626,-66.9,,,,195,10,379.0,,379.0
114.0,15886,-66.7,,,,200,14,384.0,,384.0
111.0,16048,-66.6,,,,220,19,387.1,,387.1
109.0,16158,-66.5,,,,240,15,389.3,,389.3
104.0,16442,-66.3,,,,250,14,395.0,,395.0
100.0,16680,-66.1,,,,295,12,399.8,,399.8
70.0,18850,-64.5,,,,110,4,446.1,,446.1
50.0,20930,-61.3,,,,85,17,498.6,,498.6
30.0,24140,-53.1,,,,95,31,599.3,,599.3
20.0,26790,-47.3,,,,100,32,690.6,,690.6
10.0,31390,-40.9,,,,80,51,865.7,,865.7
1008.0,58,23.0,19.2,79,14.09,260,6,295.5,336.1,298.0
1000.0,126,21.6,18.4,82,13.50,235,6,294.8,333.6,297.1
941.0,650,17.4,17.4,100,13.47,288,13,295.6,334.5,298.0
938.0,678,17.4,17.4,100,13.51,291,14,295.9,335.0,298.3
937.0,687,17.4,15.7,90,12.11,292,14,296.0,331.1,298.2
932.0,733,23.8,12.8,50,10.06,296,14,303.0,333.2,304.8
931.0,743,24.0,11.0,44,8.93,297,15,303.3,330.2,304.9
928.0,771,24.2,10.2,41,8.48,300,15,303.8,329.4,305.3
925.0,799,24.4,9.4,39,8.06,300,15,304.2,328.8,305.7
923.0,818,24.4,9.4,39,8.08,298,15,304.4,329.0,305.9
899.0,1049,23.4,10.4,44,8.88,270,15,305.7,332.8,307.4
879.0,1246,24.4,0.4,21,4.50,246,15,308.7,323.0,309.6
850.0,1539,23.2,-7.8,12,2.51,210,15,310.4,318.7,310.9
841.0,1631,22.8,-9.6,11,2.21,195,15,311.0,318.3,311.4
811.0,1943,21.5,-15.6,7,1.41,185,16,312.8,317.7,313.1
786.0,2213,20.4,-20.8,5,0.94,220,14,314.4,317.7,314.6
780.0,2279,20.1,-22.0,4,0.84,230,16,314.8,317.8,315.0
757.0,2537,19.0,-27.0,3,0.56,228,24,316.3,318.4,316.4
725.0,2903,16.1,-16.6,9,1.44,225,35,317.1,322.2,317.4
706.0,3128,14.4,-10.2,17,2.50,220,34,317.6,326.0,318.1
700.0,3200,13.8,-8.2,21,2.96,220,34,317.7,327.7,318.3
644.0,3895,7.4,-4.6,42,4.24,224,35,318.1,332.1,318.9
615.0,4274,5.0,-21.0,13,1.17,227,36,319.6,323.8,319.8
541.0,5303,-4.5,-13.5,49,2.51,233,38,320.2,328.8,320.7
525.0,5538,-5.9,-21.5,28,1.31,235,38,321.2,325.9,321.5
510.0,5766,-7.3,-29.3,15,0.67,235,37,322.2,324.7,322.4
500.0,5920,-8.3,-28.3,18,0.75,235,37,322.9,325.6,323.0
470.0,6397,-11.9,-40.9,7,0.23,229,37,324.1,325.1,324.2
442.0,6864,-15.3,-34.3,18,0.48,223,38,325.6,327.4,325.7
433.0,7019,-16.1,-43.1,8,0.20,221,38,326.5,327.3,326.5
428.0,7106,-16.9,-42.1,9,0.22,220,38,326.6,327.5,326.6
414.0,7355,-19.1,-39.1,15,0.31,222,38,326.9,328.1,326.9
400.0,7610,-20.3,-41.3,14,0.26,225,39,328.5,329.6,328.6
370.0,8182,-23.5,-45.5,11,0.18,231,38,331.7,332.4,331.7
303.0,9599,-35.7,-53.9,14,0.08,245,37,334.0,334.4,334.0
300.0,9670,-36.3,-54.3,14,0.08,245,38,334.1,334.4,334.1
289.0,9924,-38.4,,,,230,37,334.8,,334.8
250.0,10910,-46.3,,,,240,36,337.1,,337.1
239.0,11209,-48.9,,,,242,36,337.6,,337.6
221.0,11719,-51.4,,,,245,35,341.4,,341.4
212.0,11990,-52.7,,,,225,32,343.4,,343.4
200.0,12370,-54.5,,,,225,35,346.3,,346.3
195.0,12531,-54.8,,,,240,33,348.3,,348.3
188.0,12763,-55.3,,,,220,35,351.2,,351.2
173.0,13290,-56.4,,,,245,41,357.8,,357.8
169.0,13438,-56.7,,,,245,42,359.7,,359.7
161.0,13745,-56.6,,,,245,45,365.0,,365.0
158.0,13863,-56.5,,,,249,43,367.0,,367.0
150.0,14190,-58.7,,,,260,37,368.8,,368.8
144.0,14443,-60.4,,,,270,34,370.2,,370.2
137.0,14752,-62.4,,,,265,27,371.9,,371.9
132.0,14983,-63.9,,,,250,27,373.2,,373.2
131.0,15030,-63.7,,,,245,29,374.4,,374.4
124.0,15368,-62.0,,,,250,22,383.4,,383.4
123.0,15418,-61.7,,,,245,20,384.8,,384.8
119.0,15621,-62.2,,,,225,13,387.5,,387.5
116.0,15778,-62.6,,,,205,17,389.6,,389.6
107.0,16274,-63.9,,,,205,26,396.4,,396.4
100.0,16690,-64.9,,,,205,13,402.1,,402.1
70.0,18860,-65.3,,,,120,6,444.4,,444.4
50.0,20920,-60.7,,,,80,10,500.0,,500.0
30.0,24150,-54.7,,,,85,37,594.9,,594.9
20.0,26780,-48.9,,,,80,32,685.7,,685.7
10.0,31410,-42.7,,,,100,34,859.0,,859.0
1007.0,58,22.0,19.0,83,13.93,320,6,294.6,334.6,297.0
1000.0,119,21.2,18.6,85,13.67,340,7,294.4,333.6,296.8
957.0,499,17.6,17.6,100,13.41,11,5,294.4,332.9,296.8
954.0,526,17.6,17.4,99,13.28,13,5,294.7,332.9,297.0
951.0,553,19.4,18.2,93,14.03,15,4,296.8,337.5,299.3
946.0,598,23.0,12.0,50,9.39,19,4,300.9,328.9,302.6
942.0,636,25.8,11.8,42,9.31,22,4,304.1,332.2,305.8
930.0,749,26.0,11.0,39,8.94,31,3,305.4,332.6,307.1
925.0,796,25.8,10.8,39,8.86,35,3,305.7,332.7,307.3
856.0,1472,20.8,9.8,49,8.96,53,6,307.3,334.8,309.0
850.0,1533,20.2,9.2,49,8.66,55,6,307.3,333.9,308.9
827.0,1770,19.6,4.6,37,6.47,13,7,309.1,329.3,310.3
793.0,2131,19.8,-7.2,15,2.82,308,9,313.0,322.4,313.6
784.0,2229,20.1,-15.4,8,1.48,290,10,314.4,319.5,314.7
772.0,2362,20.6,-26.4,3,0.58,276,13,316.3,318.4,316.4
751.0,2597,18.7,-23.5,4,0.77,250,19,316.8,319.6,316.9
700.0,3196,14.0,-16.0,11,1.58,250,17,318.0,323.4,318.3
664.0,3631,10.4,-19.6,10,1.23,250,19,318.8,323.1,319.0
654.0,3756,9.4,-20.6,10,1.14,240,17,319.0,323.1,319.2
628.0,4090,6.7,-23.3,10,0.94,250,18,319.6,323.0,319.8
593.0,4563,2.8,-27.2,9,0.70,240,26,320.4,322.9,320.5
578.0,4766,0.9,-25.2,12,0.86,235,29,320.6,323.7,320.7
538.0,5334,-4.2,-19.5,29,1.53,245,32,321.0,326.4,321.3
513.0,5711,-7.7,-15.7,53,2.21,248,27,321.2,328.8,321.6
507.0,5802,-7.5,-30.5,14,0.60,249,26,322.6,324.8,322.7
500.0,5910,-8.1,-30.1,15,0.63,250,24,323.1,325.5,323.2
494.0,6003,-8.7,-30.6,15,0.61,255,26,323.5,325.8,323.6
472.0,6354,-10.8,-32.4,15,0.54,245,24,325.1,327.2,325.2
464.0,6485,-11.6,-33.0,15,0.51,255,23,325.7,327.7,325.8
440.0,6894,-14.1,-35.1,15,0.44,262,22,327.5,329.2,327.6
412.0,7389,-18.5,-34.0,24,0.53,270,20,328.0,330.0,328.1
405.0,7518,-19.7,-33.7,28,0.55,270,21,328.1,330.2,328.2
400.0,7610,-20.1,-36.1,23,0.44,270,22,328.8,330.5,328.9
384.0,7903,-22.3,-39.2,20,0.33,250,25,329.7,331.0,329.8
347.0,8630,-27.8,-47.1,14,0.16,250,21,331.9,332.6,332.0
326.0,9079,-31.2,-51.9,11,0.10,225,24,333.2,333.6,333.2
308.0,9486,-34.3,-56.2,9,0.06,235,19,334.4,334.6,334.4
307.0,9510,-34.5,-56.5,9,0.06,235,19,334.4,334.7,334.4
300.0,9670,-35.7,-56.7,10,0.06,235,23,334.9,335.2,334.9
291.0,9878,-37.5,,,,250,23,335.3,,335.3
265.0,10515,-43.0,,,,235,23,336.4,,336.4
254.0,10804,-45.5,,,,242,22,336.8,,336.8
250.0,10910,-46.1,,,,245,22,337.4,,337.4
228.0,11519,-50.3,,,,255,25,340.0,,340.0
219.0,11783,-48.7,,,,237,38,346.4,,346.4
218.0,11814,-48.8,,,,235,39,346.7,,346.7
204.0,12250,-49.8,,,,250,43,351.8,,351.8
200.0,12380,-50.1,,,,245,42,353.3,,353.3
194.0,12579,-49.5,,,,243,46,357.3,,357.3
184.0,12917,-51.6,,,,240,53,359.3,,359.3
175.0,13238,-53.6,,,,250,46,361.2,,361.2
154.0,14055,-58.7,,,,236,32,366.0,,366.0
153.0,14096,-58.9,,,,235,31,366.4,,366.4
150.0,14220,-59.3,,,,230,30,367.7,,367.7
149.0,14261,-59.5,,,,225,30,368.1,,368.1
145.0,14428,-60.3,,,,215,32,369.6,,369.6
133.0,14957,-62.8,,,,235,34,374.4,,374.4
119.0,15639,-66.0,,,,225,37,380.6,,380.6
105.0,16406,-69.6,,,,220,37,387.5,,387.5
104.0,16465,-69.9,,,,225,35,388.0,,388.0
100.0,16700,-68.1,,,,220,22,395.9,,395.9
70.0,18850,-66.1,,,,15,3,442.6,,442.6
50.0,20920,-59.5,,,,80,14,502.8,,502.8
30.0,24140,-56.3,,,,85,33,590.6,,590.6
20.0,26750,-50.7,,,,70,23,680.2,,680.2
10.0,31330,-47.5,,,,105,47,841.1,,841.1
1007.0,58,23.4,21.7,90,16.53,0,6,296.0,343.7,298.9
1000.0,118,22.6,21.6,94,16.54,40,6,295.8,343.5,298.7
972.0,366,20.8,20.3,97,15.69,46,12,296.3,341.7,299.1
964.0,437,21.4,17.8,80,13.48,48,14,297.6,336.9,300.1
955.0,519,25.8,11.8,42,9.18,50,16,302.9,330.5,304.6
953.0,538,26.0,11.2,40,8.82,50,16,303.2,329.9,304.9
925.0,801,28.2,2.2,19,4.87,100,9,308.1,323.5,309.1
918.0,868,28.4,7.4,27,7.08,110,9,309.0,331.1,310.3
899.0,1054,28.6,9.6,31,8.41,138,8,311.1,337.3,312.6
884.0,1202,27.6,7.4,28,7.38,160,8,311.6,334.8,313.0
858.0,1465,25.9,3.6,24,5.81,200,2,312.5,331.0,313.6
850.0,1548,25.4,2.4,22,5.38,265,3,312.7,329.9,313.8
823.0,1830,24.7,-1.9,17,4.05,225,12,314.9,328.1,315.6
813.0,1937,24.4,-3.6,15,3.62,220,12,315.7,327.6,316.4
804.0,2033,23.6,-4.0,16,3.55,215,12,315.9,327.6,316.5
751.0,2618,18.9,-6.5,17,3.15,250,18,316.9,327.5,317.5
732.0,2838,17.1,-7.4,18,3.01,255,22,317.3,327.4,317.9
700.0,3221,14.0,-9.0,19,2.78,265,16,318.0,327.3,318.5
690.0,3342,13.0,-10.0,19,2.60,269,18,318.1,327.0,318.7
687.0,3377,12.7,-9.9,20,2.63,270,19,318.2,327.1,318.7
653.0,3792,8.6,-8.9,28,3.00,265,22,318.3,328.4,318.9
573.0,4860,-1.7,-6.3,71,4.19,270,26,318.3,332.1,319.1
565.0,4971,-2.6,-8.4,65,3.62,270,26,318.5,330.5,319.2
554.0,5127,-3.8,-11.2,56,2.94,280,22,318.8,328.7,319.4
550.0,5184,-4.3,-12.3,54,2.72,278,20,318.9,328.1,319.4
542.0,5300,-4.0,-20.7,26,1.36,275,15,320.6,325.4,320.9
539.0,5343,-3.9,-23.9,19,1.04,266,14,321.2,325.0,321.4
532.0,5446,-4.7,-24.2,20,1.02,245,11,321.4,325.1,321.6
500.0,5930,-8.7,-25.7,24,0.95,270,10,322.4,325.8,322.6
486.0,6150,-10.2,-31.8,15,0.55,245,6,323.2,325.3,323.3
479.0,6262,-10.9,-34.9,12,0.41,249,9,323.6,325.2,323.7
467.0,6454,-12.4,-34.4,14,0.45,255,15,324.1,325.8,324.2
456.0,6636,-13.8,-33.8,17,0.48,260,19,324.5,326.4,324.6
429.0,7099,-17.5,-32.5,26,0.58,229,22,325.6,327.8,325.7
413.0,7382,-20.0,-28.8,46,0.87,210,24,325.9,329.1,326.1
404.0,7546,-21.4,-26.6,63,1.08,225,26,326.1,330.1,326.3
400.0,7620,-22.1,-25.6,73,1.20,220,31,326.2,330.5,326.4
399.0,7638,-22.3,-25.5,75,1.21,219,31,326.1,330.6,326.4
391.0,7788,-22.1,-28.1,58,0.97,208,32,328.3,331.9,328.5
387.0,7863,-21.7,-33.7,33,0.58,203,32,329.8,332.0,329.9
385.0,7901,-22.0,-33.5,35,0.59,200,32,329.9,332.2,330.0
373.0,8133,-23.8,-31.9,47,0.71,200,35,330.5,333.2,330.6
362.0,8352,-25.5,-30.5,63,0.84,194,30,331.1,334.2,331.2
347.0,8658,-28.1,-33.1,62,0.68,185,24,331.5,334.1,331.7
345.0,8700,-28.5,-33.5,62,0.66,190,22,331.6,334.1,331.7
340.0,8804,-28.9,-39.9,34,0.35,201,19,332.4,333.8,332.5
336.0,8889,-28.9,-52.9,8,0.08,210,16,333.6,333.9,333.6
334.0,8931,-29.2,-53.3,8,0.08,215,14,333.7,334.0,333.7
300.0,9690,-35.3,-60.3,6,0.04,230,31,335.5,335.7,335.5
291.0,9897,-36.8,,,,235,32,336.4,,336.4
278.0,10208,-39.0,,,,250,24,337.6,,337.6
262.0,10612,-41.8,,,,235,14,339.2,,339.2
252.0,10877,-43.7,,,,235,16,340.2,,340.2
250.0,10930,-43.7,,,,235,17,341.0,,341.0
200.0,12410,-50.3,,,,250,44,352.9,,352.9
199.0,12443,-50.4,,,,250,44,353.3,,353.3
187.0,12847,-51.7,,,,252,39,357.5,,357.5
155.0,14041,-58.7,,,,260,23,365.3,,365.3
150.0,14250,-59.9,,,,255,25,366.7,,366.7
147.0,14375,-60.9,,,,250,29,367.1,,367.1
138.0,14766,-64.1,,,,260,37,368.1,,368.1
128.0,15220,-65.5,,,,290,22,373.5,,373.5
122.0,15510,-66.5,,,,275,11,377.0,,377.0
120.0,15610,-66.8,,,,240,8,378.2,,378.2
118.0,15711,-67.1,,,,195,10,379.4,,379.4
112.0,16026,-68.1,,,,210,22,383.2,,383.2
100.0,16710,-70.3,,,,220,14,391.6,,391.6
70.0,18840,-67.1,,,,50,9,440.5,,440.5
50.0,20900,-61.9,,,,75,24,497.2,,497.2
30.0,24130,-53.9,,,,85,25,597.1,,597.1
20.0,26770,-51.1,,,,105,32,679.0,,679.0
1008.0,58,23.8,22.2,91,17.03,30,6,296.3,345.5,299.3
1000.0,128,22.6,21.8,95,16.75,0,9,295.8,344.1,298.7
972.0,376,21.0,19.5,91,14.91,10,10,296.6,339.7,299.2
961.0,475,25.0,6.0,30,6.14,18,15,301.6,320.2,302.7
959.0,493,25.1,6.1,30,6.18,20,16,301.8,320.6,302.9
951.0,567,25.4,6.4,30,6.38,24,15,302.9,322.3,304.0
940.0,669,24.6,9.5,38,8.01,30,13,303.1,327.3,304.5
937.0,697,24.4,10.4,41,8.52,42,12,303.1,328.8,304.7
925.0,810,26.8,4.8,24,5.86,90,9,306.7,324.9,307.8
916.0,897,28.2,7.2,27,6.99,125,10,309.0,330.8,310.3
907.0,984,29.6,9.6,29,8.34,126,10,311.3,337.4,312.9
850.0,1559,26.0,4.0,24,6.03,135,9,313.4,332.6,314.5
818.0,1893,23.7,0.3,21,4.82,190,4,314.4,329.9,315.3
792.0,2174,21.7,-2.7,19,3.96,210,9,315.2,328.2,315.9
780.0,2307,20.8,-4.2,18,3.61,211,10,315.6,327.5,316.3
707.0,3142,13.0,-2.0,35,4.69,215,17,315.9,331.2,316.8
700.0,3227,12.2,-1.8,38,4.81,205,16,316.0,331.6,316.9
691.0,3332,11.3,-2.3,39,4.69,195,17,316.1,331.4,317.0
680.0,3463,10.2,-3.0,40,4.53,215,18,316.3,331.1,317.2
647.0,3867,6.7,-5.1,43,4.07,215,24,316.9,330.3,317.7
551.0,5172,-4.6,-11.8,58,2.84,230,23,318.4,327.9,318.9
549.0,5201,-4.9,-11.9,58,2.81,228,23,318.4,327.9,318.9
545.0,5259,-4.9,-19.9,30,1.45,225,22,319.1,324.1,319.3
520.0,5625,-7.6,-23.7,26,1.09,205,17,320.1,324.0,320.3
505.0,5853,-9.3,-26.1,24,0.91,215,18,320.7,324.0,320.9
500.0,5930,-9.9,-26.9,24,0.85,205,18,320.9,324.0,321.1
492.0,6053,-10.9,-27.6,24,0.81,195,11,321.1,324.1,321.3
486.0,6147,-11.7,-28.1,24,0.78,210,15,321.3,324.2,321.4
477.0,6290,-12.9,-28.9,25,0.74,215,19,321.6,324.3,321.7
460.0,6562,-14.5,-33.2,19,0.51,225,26,322.9,324.8,323.0
418.0,7280,-18.8,-44.5,8,0.18,170,28,326.4,327.1,326.4
400.0,7610,-20.7,-49.7,6,0.10,165,31,328.0,328.4,328.0
391.0,7778,-22.1,-52.1,5,0.08,162,33,328.3,328.6,328.3
383.0,7930,-23.1,-39.1,22,0.34,159,34,328.9,330.3,329.0
373.0,8124,-25.1,-39.1,26,0.35,156,36,328.8,330.1,328.9
366.0,8261,-25.9,-29.6,71,0.90,154,37,329.5,332.9,329.7
356.0,8459,-27.6,-31.9,66,0.74,150,39,329.9,332.7,330.1
335.0,8894,-31.2,-37.0,56,0.48,155,44,330.7,332.6,330.8
320.0,9221,-33.9,-40.9,49,0.34,151,43,331.3,332.6,331.4
300.0,9670,-38.1,-44.1,53,0.26,145,41,331.6,332.6,331.6
288.0,9948,-40.2,-50.5,32,0.13,145,37,332.5,333.0,332.5
275.0,10262,-42.5,-57.7,17,0.06,160,31,333.5,333.7,333.5
271.0,10362,-43.3,-60.0,14,0.04,170,36,333.8,334.0,333.8
269.0,10412,-42.6,-61.2,11,0.04,180,37,335.5,335.6,335.5
261.0,10616,-39.9,-65.9,5,0.02,198,18,342.4,342.5,342.4
260.0,10643,-40.0,,,,200,16,342.7,,342.7
258.0,10695,-40.1,,,,190,10,343.3,,343.3
256.0,10748,-40.2,,,,170,9,343.9,,343.9
253.0,10829,-40.3,,,,130,12,344.8,,344.8
250.0,10910,-40.5,,,,120,13,345.7,,345.7
242.0,11129,-41.5,,,,100,18,347.5,,347.5
238.0,11241,-42.0,,,,105,18,348.4,,348.4
229.0,11500,-43.2,,,,150,14,350.4,,350.4
223.0,11678,-44.0,,,,125,13,351.8,,351.8
212.0,12018,-45.5,,,,155,24,354.6,,354.6
200.0,12410,-47.3,,,,185,18,357.7,,357.7
191.0,12706,-49.0,,,,210,13,359.7,,359.7
186.0,12877,-50.0,,,,185,12,360.9,,360.9
181.0,13052,-51.0,,,,200,5,362.1,,362.1
174.0,13306,-52.4,,,,195,14,363.8,,363.8
165.0,13647,-54.4,,,,230,8,366.1,,366.1
150.0,14260,-57.9,,,,265,5,370.1,,370.1
147.0,14385,-58.6,,,,255,4,371.0,,371.0
126.0,15338,-64.0,,,,170,10,377.9,,377.9
122.0,15537,-65.2,,,,180,15,379.4,,379.4
116.0,15849,-67.0,,,,235,14,381.6,,381.6
111.0,16121,-68.5,,,,245,22,383.5,,383.5
110.0,16176,-68.5,,,,245,23,384.5,,384.5
102.0,16631,-68.5,,,,300,10,392.9,,392.9
100.0,16750,-68.5,,,,300,10,395.1,,395.1
70.0,18880,-68.5,,,,70,15,437.5,,437.5
50.0,20940,-60.7,,,,75,25,500.0,,500.0
30.0,24160,-54.1,,,,95,36,596.6,,596.6
20.0,26790,-50.1,,,,75,36,682.1,,682.1
10.0,31410,-40.1,,,,115,37,868.7,,868.7
1009.0,58,23.0,20.7,87,15.49,300,4,295.4,340.0,298.1
1000.0,132,21.8,20.4,92,15.33,310,9,294.9,339.0,297.7
992.0,202,21.0,20.2,95,15.27,312,9,294.8,338.7,297.5
990.0,219,20.8,4.8,35,5.47,313,9,294.8,311.0,295.8
989.0,228,20.8,-23.2,4,0.60,313,9,294.9,296.9,295.0
979.0,316,20.0,-29.0,2,0.36,316,8,294.9,296.2,295.0
977.0,333,19.8,-29.2,2,0.35,316,8,294.9,296.1,295.0
975.0,351,19.6,-0.4,26,3.83,317,8,294.9,306.4,295.6
974.0,360,19.6,8.6,49,7.25,317,8,295.0,316.2,296.2
973.0,368,19.6,14.9,74,11.06,317,8,295.1,327.0,297.0
967.0,422,19.2,19.0,99,14.52,319,8,295.2,336.9,297.7
964.0,449,19.1,18.9,99,14.47,320,8,295.3,337.0,297.9
936.0,703,18.0,18.0,100,14.07,13,12,296.7,337.5,299.2
930.0,758,19.9,18.6,92,14.72,25,13,299.1,342.3,301.8
927.0,786,20.8,18.9,89,15.06,25,12,300.4,344.7,303.1
926.0,796,21.2,13.2,60,10.40,25,12,300.9,331.8,302.8
925.0,805,21.4,12.4,56,9.87,25,12,301.2,330.6,303.0
919.0,862,23.4,9.4,41,8.11,23,11,303.8,328.4,305.3
917.0,881,23.6,5.6,31,6.25,22,11,304.2,323.4,305.3
901.0,1034,24.8,-7.2,11,2.48,16,8,307.0,315.0,307.4
885.0,1191,23.6,0.1,21,4.39,10,6,307.3,321.2,308.1
868.0,1360,22.3,8.1,40,7.87,70,3,307.6,331.9,309.1
864.0,1400,22.0,10.0,46,9.00,93,4,307.7,335.4,309.4
861.0,1430,22.0,13.0,57,11.05,111,5,308.0,341.8,310.1
850.0,1542,22.2,11.2,50,9.92,175,7,309.4,340.0,311.2
842.0,1624,22.9,9.0,41,8.65,180,11,310.9,337.9,312.6
836.0,1687,23.4,7.4,36,7.78,179,11,312.1,336.6,313.6
801.0,2056,20.9,-2.5,21,3.98,170,12,313.3,326.3,314.1
780.0,2286,19.4,-8.7,14,2.55,185,15,314.1,322.6,314.5
767.0,2431,18.4,-12.6,11,1.90,182,16,314.5,321.0,314.9
733.0,2814,14.9,-11.1,15,2.24,175,18,314.8,322.4,315.2
700.0,3203,11.4,-9.6,22,2.65,185,24,315.1,323.9,315.6
684.0,3395,9.4,-4.7,36,3.95,185,28,315.0,327.9,315.7
679.0,3456,8.8,-3.2,43,4.47,191,27,314.9,329.4,315.8
676.0,3493,8.8,-8.6,28,2.97,195,27,315.3,325.2,315.9
674.0,3517,8.8,-12.2,21,2.24,194,27,315.6,323.1,316.0
612.0,4295,2.6,-15.6,25,1.86,170,25,317.3,323.7,317.6
598.0,4482,1.1,-16.4,26,1.78,185,22,317.7,323.8,318.0
548.0,5185,-4.5,-19.5,30,1.50,178,19,319.0,324.3,319.3
500.0,5900,-9.1,-35.1,10,0.39,170,16,321.9,323.4,322.0
496.0,5962,-9.6,-35.8,10,0.37,170,15,322.0,323.4,322.1
476.0,6278,-12.1,-39.1,9,0.27,151,21,322.7,323.8,322.8
458.0,6572,-14.1,-31.1,22,0.63,134,26,323.8,326.1,323.9
454.0,6639,-13.8,-28.8,27,0.78,130,27,325.0,327.9,325.1
450.0,6706,-13.5,-26.5,33,0.98,130,29,326.2,329.8,326.4
438.0,6910,-15.4,-24.5,45,1.20,130,34,326.3,330.7,326.6
420.0,7226,-18.3,-21.5,76,1.64,130,29,326.5,332.4,326.9
407.0,7461,-19.2,-27.4,48,1.00,130,25,328.3,332.0,328.5
400.0,7590,-19.7,-30.7,37,0.75,135,25,329.3,332.1,329.4
393.0,7721,-20.1,-32.1,34,0.66,134,27,330.4,333.0,330.6
354.0,8485,-26.2,-41.5,22,0.29,130,37,332.3,333.4,332.4
346.0,8652,-27.5,-43.5,20,0.24,131,35,332.7,333.6,332.7
318.0,9251,-32.9,-44.8,29,0.22,135,29,333.3,334.2,333.4
312.0,9386,-34.1,-45.1,32,0.22,129,25,333.4,334.3,333.5
302.0,9614,-35.2,-48.0,26,0.16,120,17,335.0,335.7,335.1
301.0,9637,-35.3,-48.3,25,0.16,118,16,335.2,335.9,335.2
300.0,9660,-35.5,-48.5,25,0.16,115,15,335.2,335.9,335.2
270.0,10381,-42.1,,,,45,27,335.9,,335.9
261.0,10609,-43.2,,,,55,31,337.6,,337.6
260.0,10635,-43.3,,,,54,31,337.8,,337.8
258.0,10687,-41.3,,,,51,32,341.4,,341.4
255.0,10766,-41.9,,,,47,34,341.7,,341.7
250.0,10900,-42.5,,,,40,36,342.7,,342.7
241.0,11145,-43.5,,,,35,36,344.8,,344.8
223.0,11663,-45.7,,,,55,30,349.2,,349.2
212.0,12001,-47.1,,,,25,32,352.1,,352.1
200.0,12390,-48.7,,,,25,28,355.5,,355.5
187.0,12829,-50.5,,,,20,26,359.5,,359.5
180.0,13078,-51.5,,,,37,25,361.8,,361.8
177.0,13185,-52.2,,,,45,24,362.3,,362.3
155.0,14031,-57.9,,,,70,12,366.7,,366.7
150.0,14240,-59.3,,,,45,9,367.7,,367.7
145.0,14448,-60.4,,,,25,8,369.4,,369.4
132.0,15026,-63.5,,,,295,11,374.0,,374.0
121.0,15561,-66.3,,,,355,4,378.2,,378.2
120.0,15611,-66.4,,,,355,4,379.0,,379.0
116.0,15816,-66.6,,,,5,10,382.2,,382.2
104.0,16474,-67.4,,,,190,2,392.8,,392.8
100.0,16710,-67.7,,,,55,10,396.7,,396.7
70.0,18850,-66.3,,,,50,17,442.2,,442.2
50.0,20930,-61.5,,,,125,12,498.1,,498.1
30.0,24160,-51.9,,,,100,32,602.5,,602.5
20.0,26800,-49.1,,,,60,24,685.1,,685.1
10.0,31410,-40.7,,,,75,33,866.5,,866.5
1004.0,58,21.8,18.6,82,13.62,340,4,294.6,333.8,297.0
1000.0,92,21.2,17.6,80,12.82,350,4,294.4,331.2,296.6
947.0,561,17.1,16.6,97,12.67,10,9,294.8,331.2,297.0
939.0,634,16.4,16.4,100,12.65,15,9,294.8,331.2,297.0
935.0,671,16.6,16.0,96,12.38,18,8,295.4,331.1,297.6
931.0,707,19.0,3.0,35,5.13,21,8,298.2,313.6,299.1
925.0,763,21.4,0.4,25,4.28,25,8,301.2,314.4,302.0
918.0,829,21.6,12.6,57,10.08,42,8,302.0,332.2,303.9
910.0,905,22.6,6.6,36,6.76,62,8,303.8,324.5,305.1
901.0,991,21.6,11.6,53,9.61,84,8,303.7,332.6,305.4
893.0,1069,23.4,9.4,41,8.35,105,8,306.3,331.9,307.8
883.0,1167,22.4,16.4,69,13.47,130,8,306.2,346.9,308.7
865.0,1347,22.4,11.0,48,9.61,125,12,308.1,337.5,309.8
850.0,1499,22.4,6.4,35,7.14,145,9,309.6,331.9,310.9
844.0,1561,22.2,6.2,35,7.09,164,10,310.0,332.2,311.3
833.0,1675,22.9,-0.7,21,4.40,200,12,311.9,326.1,312.7
828.0,1727,23.2,-3.8,16,3.50,201,13,312.8,324.2,313.4
814.0,1873,22.0,-2.4,19,3.95,205,15,313.0,325.8,313.8
767.0,2384,17.8,2.3,36,5.94,160,19,313.8,332.8,314.9
740.0,2692,15.2,5.2,51,7.55,180,21,314.3,338.2,315.7
720.0,2923,13.8,-2.6,32,4.40,195,22,315.2,329.5,316.0
712.0,3018,13.2,-5.8,26,3.50,195,22,315.5,327.1,316.2
700.0,3160,11.8,-3.2,35,4.34,195,23,315.5,329.7,316.4
687.0,3317,10.2,-0.8,46,5.28,201,25,315.4,332.5,316.4
673.0,3488,9.6,-20.4,10,1.13,207,27,316.6,320.6,316.8
656.0,3699,7.8,-18.9,13,1.31,215,30,316.9,321.5,317.2
652.0,3749,7.4,-18.6,14,1.36,214,30,317.0,321.8,317.3
604.0,4373,1.4,-2.9,73,5.14,200,34,317.1,333.8,318.1
589.0,4574,-0.3,-3.8,77,4.92,195,35,317.4,333.4,318.3
567.0,4879,-2.9,-5.2,84,4.61,199,40,317.8,332.9,318.7
537.0,5304,-6.8,-10.4,76,3.25,205,48,318.1,329.0,318.8
510.0,5707,-10.5,-15.3,68,2.29,212,45,318.4,326.2,318.8
504.0,5799,-10.3,-24.3,31,1.07,214,44,319.7,323.5,319.9
500.0,5860,-10.7,-25.7,28,0.95,215,44,319.9,323.4,320.1
495.0,5937,-10.7,-36.7,10,0.33,215,44,320.9,322.1,320.9
467.0,6380,-13.6,-40.8,8,0.23,215,42,322.6,323.5,322.6
448.0,6696,-15.7,-43.7,7,0.18,207,43,323.8,324.6,323.9
408.0,7392,-20.3,-43.4,11,0.20,190,44,326.6,327.4,326.7
400.0,7540,-21.3,-43.3,12,0.21,195,43,327.2,328.1,327.3
360.0,8304,-26.9,-45.5,16,0.18,195,33,329.7,330.4,329.7
343.0,8654,-29.5,-46.5,18,0.17,196,39,330.8,331.5,330.8
325.0,9037,-31.1,-55.1,8,0.07,198,45,333.7,334.0,333.7
300.0,9600,-34.7,-52.7,14,0.10,200,54,336.4,336.8,336.4
284.0,9983,-36.3,-58.3,8,0.05,203,59,339.4,339.6,339.4
250.0,10860,-42.1,,,,210,69,343.3,,343.3
249.0,10887,-42.3,,,,210,69,343.4,,343.4
221.0,11680,-48.1,,,,207,64,346.4,,346.4
200.0,12330,-51.5,,,,205,60,351.1,,351.1
151.0,14118,-60.5,,,,200,54,365.0,,365.0
150.0,14160,-60.7,,,,200,54,365.3,,365.3
136.0,14763,-65.1,,,,205,51,367.9,,367.9
125.0,15277,-65.3,,,,210,50,376.5,,376.5
122.0,15426,-62.5,,,,215,44,384.2,,384.2
119.0,15578,-63.0,,,,220,37,386.0,,386.0
115.0,15787,-63.8,,,,210,27,388.4,,388.4
100.0,16640,-66.9,,,,160,33,398.2,,398.2
94.2,17002,-68.5,,,,185,32,401.9,,401.9
70.0,18820,-63.1,,,,85,13,449.1,,449.1
50.0,20890,-60.3,,,,130,11,500.9,,500.9
30.0,24110,-54.7,,,,95,24,594.9,,594.9
20.0,26730,-49.7,,,,70,31,683.3,,683.3
10.0,31310,-45.9,,,,105,29,847.1,,847.1
1004.0,58,24.0,21.9,88,16.79,40,4,296.8,345.5,299.8
1000.0,92,23.2,20.9,87,15.83,325,8,296.4,342.1,299.2
995.0,136,23.0,20.8,87,15.79,290,10,296.6,342.3,299.4
990.0,180,22.8,20.7,88,15.75,275,12,296.8,342.4,299.6
971.0,349,22.0,20.2,90,15.60,270,16,297.6,343.0,300.4
967.0,385,21.8,20.1,90,15.57,259,14,297.8,343.1,300.6
962.0,430,22.4,19.8,85,15.31,245,12,298.9,343.6,301.6
954.0,503,23.4,19.2,77,14.91,208,15,300.6,344.5,303.2
948.0,559,26.7,18.1,59,14.03,180,17,304.5,346.5,307.0
946.0,577,27.8,17.8,55,13.74,178,18,305.8,347.2,308.3
925.0,777,30.4,9.4,27,8.06,160,29,310.4,335.5,311.9
923.0,796,30.6,8.6,25,7.65,160,30,310.8,334.7,312.2
899.0,1031,30.5,5.9,21,6.51,155,43,313.0,333.7,314.2
891.0,1111,30.4,5.0,20,6.16,145,42,313.8,333.4,314.9
886.0,1161,30.4,4.4,19,5.95,146,41,314.2,333.3,315.4
850.0,1529,27.4,3.4,21,5.78,150,31,314.8,333.4,315.9
827.0,1767,25.4,2.6,23,5.60,155,29,315.2,333.2,316.2
759.0,2512,19.1,-0.0,28,5.06,140,23,316.2,332.6,317.1
740.0,2732,17.2,-0.8,29,4.90,145,21,316.4,332.4,317.4
700.0,3202,12.8,-1.2,38,5.03,155,16,316.6,333.0,317.6
696.0,3249,12.4,-1.4,38,4.99,155,15,316.7,332.9,317.6
681.0,3426,10.8,-2.2,40,4.81,140,16,316.9,332.6,317.8
653.0,3767,7.8,-3.7,44,4.49,165,12,317.3,332.0,318.1
627.0,4097,4.8,-5.1,49,4.20,190,15,317.6,331.4,318.4
557.0,5058,-3.8,-9.3,66,3.42,205,18,318.4,329.8,319.1
538.0,5340,-6.3,-10.5,72,3.21,217,18,318.6,329.3,319.2
528.0,5487,-7.5,-11.0,76,3.14,223,18,318.8,329.4,319.4
525.0,5531,-7.7,-12.8,67,2.74,225,18,319.1,328.3,319.6
514.0,5696,-8.5,-19.5,41,1.60,216,18,320.1,325.7,320.4
504.0,5848,-9.9,-14.9,67,2.40,208,18,320.2,328.4,320.6
500.0,5910,-10.3,-16.3,61,2.15,205,18,320.4,327.8,320.8
490.0,6063,-11.3,-16.6,65,2.14,180,21,321.0,328.4,321.4
476.0,6284,-12.8,-17.1,70,2.12,195,24,321.9,329.2,322.3
440.0,6881,-16.8,-18.3,88,2.07,175,25,324.1,331.4,324.6
439.0,6898,-16.9,-18.3,89,2.07,176,25,324.2,331.4,324.6
433.0,7001,-17.5,-19.0,88,1.98,180,25,324.7,331.6,325.1
400.0,7590,-21.1,-23.0,85,1.51,170,33,327.5,332.9,327.8
366.0,8241,-25.7,-28.0,81,1.05,174,46,329.8,333.7,330.0
362.0,8319,-26.3,-28.7,81,1.00,175,48,329.9,333.6,330.1
300.0,9650,-37.3,-40.5,72,0.37,170,45,332.7,334.2,332.8
275.0,10242,-42.8,,,,170,41,333.1,,333.1
272.0,10317,-43.5,,,,175,43,333.1,,333.1
260.0,10619,-44.9,,,,195,51,335.4,,335.4
255.0,10748,-45.5,,,,195,55,336.4,,336.4
250.0,10880,-46.5,,,,195,59,336.8,,336.8
232.0,11374,-49.5,,,,195,69,339.5,,339.5
228.0,11489,-49.0,,,,195,71,341.9,,341.9
220.0,11724,-48.1,,,,195,71,346.9,,346.9
210.0,12030,-49.7,,,,195,72,349.1,,349.1
200.0,12350,-51.3,,,,195,69,351.4,,351.4
183.0,12925,-51.1,,,,190,63,360.7,,360.7
150.0,14190,-58.7,,,,180,51,368.8,,368.8
132.0,14985,-64.1,,,,184,42,372.8,,372.8
130.0,15079,-64.2,,,,185,41,374.3,,374.3
118.0,15672,-64.7,,,,171,35,383.9,,383.9
117.0,15724,-65.1,,,,170,34,384.1,,384.1
104.0,16434,-70.7,,,,190,28,386.5,,386.5
103.0,16492,-69.6,,,,195,27,389.7,,389.7
100.0,16670,-66.3,,,,175,20,399.4,,399.4
70.0,18840,-63.7,,,,125,21,447.8,,447.8
50.0,20920,-58.3,,,,75,14,505.7,,505.7
30.0,24140,-54.9,,,,85,34,594.4,,594.4
20.0,26770,-48.1,,,,85,28,688.2,,688.2
10.0,31400,-41.9,,,,105,35,862.0,,862.0
1009.0,58,22.6,19.2,81,14.08,260,4,295.0,335.5,297.5
1000.0,136,21.2,18.0,82,13.16,250,10,294.4,332.1,296.7
984.0,276,20.3,17.5,84,12.98,250,17,294.8,332.1,297.1
966.0,436,19.2,17.0,87,12.78,237,14,295.2,332.1,297.5
952.0,562,21.2,10.2,49,8.27,227,12,298.5,323.0,300.0
935.0,718,20.3,10.2,52,8.42,215,10,299.1,324.1,300.6
934.0,727,20.2,10.2,53,8.43,214,10,299.1,324.1,300.6
927.0,792,20.0,9.0,49,7.83,205,10,299.6,322.9,301.0
925.0,811,20.0,8.0,46,7.32,205,10,299.8,321.7,301.1
914.0,914,21.2,0.4,25,4.32,225,11,302.0,315.3,302.8
899.0,1058,22.8,-10.2,10,1.97,220,12,305.1,311.5,305.5
891.0,1135,22.0,2.0,27,4.99,217,13,305.0,320.6,306.0
885.0,1194,22.8,-8.1,12,2.35,215,13,306.4,314.1,306.9
880.0,1243,23.4,-16.6,6,1.19,224,14,307.6,311.6,307.8
876.0,1283,23.4,-24.6,3,0.60,231,16,308.0,310.1,308.1
871.0,1332,23.2,-19.8,5,0.92,240,17,308.3,311.5,308.5
864.0,1402,23.0,-13.0,8,1.63,230,18,308.8,314.3,309.1
852.0,1524,21.4,9.4,46,8.76,213,21,308.3,335.3,310.0
850.0,1544,21.8,9.8,46,9.02,210,21,309.0,336.8,310.6
834.0,1709,23.1,3.2,27,5.79,195,24,312.1,330.5,313.1
826.0,1793,23.8,-0.2,20,4.59,196,23,313.6,328.4,314.5
805.0,2017,22.4,4.4,31,6.55,198,20,314.4,335.4,315.7
786.0,2222,20.9,3.9,33,6.47,200,18,314.9,335.7,316.2
718.0,2996,15.0,1.9,41,6.17,175,35,316.8,336.7,318.0
700.0,3213,13.4,1.4,44,6.09,175,34,317.3,337.0,318.5
630.0,4077,5.6,-2.1,58,5.24,185,35,318.1,335.2,319.1
594.0,4559,1.3,-4.0,68,4.81,205,32,318.4,334.2,319.4
566.0,4955,-2.3,-5.6,78,4.48,205,32,318.7,333.4,319.5
561.0,5026,-1.7,-12.7,43,2.58,205,32,320.2,329.0,320.7
515.0,5700,-7.8,-13.9,62,2.56,205,33,320.8,329.5,321.3
514.0,5715,-7.9,-13.9,62,2.55,204,33,320.8,329.5,321.3
500.0,5930,-8.9,-18.9,44,1.73,190,34,322.1,328.2,322.5
478.0,6276,-11.9,-19.4,54,1.73,185,37,322.6,328.6,322.9
474.0,6340,-12.5,-19.5,56,1.73,187,37,322.6,328.7,323.0
468.0,6437,-12.7,-25.7,33,1.01,191,37,323.6,327.2,323.8
437.0,6954,-17.4,-26.6,44,1.00,210,36,324.0,327.6,324.2
435.0,6989,-17.7,-26.7,45,1.00,210,36,324.0,327.7,324.2
404.0,7537,-21.5,-26.5,64,1.09,214,38,326.0,330.0,326.2
400.0,7610,-22.1,-28.1,58,0.95,215,38,326.2,329.7,326.4
375.0,8083,-24.7,-37.7,29,0.40,216,40,328.8,330.4,328.9
353.0,8521,-27.5,-40.5,28,0.32,217,42,330.8,332.0,330.8
331.0,8980,-31.1,-50.1,14,0.12,218,44,332.0,332.5,332.0
315.0,9330,-34.1,-45.1,32,0.22,219,45,332.5,333.4,332.6
300.0,9670,-36.5,-52.5,18,0.10,220,47,333.8,334.2,333.8
262.0,10587,-43.9,,,,220,48,336.2,,336.2
257.0,10717,-44.9,,,,218,50,336.5,,336.5
250.0,10900,-46.1,,,,215,53,337.4,,337.4
238.0,11226,-47.9,,,,213,53,339.5,,339.5
200.0,12360,-53.9,,,,205,52,347.2,,347.2
197.0,12457,-54.5,,,,200,52,347.7,,347.7
190.0,12688,-56.1,,,,204,54,348.8,,348.8
181.0,12995,-56.7,,,,210,57,352.7,,352.7
167.0,13504,-57.7,,,,220,48,359.2,,359.2
157.0,13894,-58.5,,,,217,45,364.3,,364.3
150.0,14180,-60.1,,,,215,43,366.3,,366.3
142.0,14516,-61.5,,,,205,48,369.7,,369.7
123.0,15396,-65.2,,,,215,30,378.5,,378.5
117.0,15703,-66.4,,,,190,25,381.6,,381.6
108.0,16193,-68.5,,,,175,30,386.6,,386.6
107.0,16250,-68.7,,,,180,30,387.2,,387.2
100.0,16660,-65.1,,,,225,21,401.7,,401.7
70.0,18840,-63.5,,,,150,14,448.2,,448.2
50.0,20910,-61.3,,,,90,16,498.6,,498.6
30.0,24130,-53.9,,,,95,31,597.1,,597.1
20.0,26780,-48.3,,,,100,28,687.6,,687.6
10.0,31440,-39.5,,,,45,9,871.0,,871.0
1011.0,58,22.8,19.8,83,14.60,320,4,295.0,337.0,297.6
1000.0,151,21.6,18.6,83,13.67,315,5,294.8,334.1,297.2
939.0,694,17.4,14.5,83,11.17,258,5,295.8,328.2,297.8
925.0,823,18.8,11.8,64,9.48,245,5,298.5,326.5,300.2
912.0,945,19.8,13.8,68,10.99,235,7,300.8,333.3,302.8
901.0,1050,19.2,13.2,68,10.69,227,8,301.2,332.9,303.1
889.0,1165,20.6,-3.4,20,3.36,218,9,303.8,314.4,304.4
860.0,1450,19.6,0.0,27,4.47,195,13,305.6,319.6,306.4
850.0,1551,19.2,1.2,30,4.93,195,11,306.2,321.7,307.2
849.0,1561,19.0,2.0,32,5.23,196,11,306.1,322.4,307.1
831.0,1744,18.1,-1.8,26,4.05,210,9,307.1,319.9,307.8
818.0,1879,17.4,-4.6,22,3.34,235,10,307.7,318.5,308.4
806.0,2005,16.8,-7.2,19,2.78,230,10,308.4,317.4,308.9
779.0,2296,18.4,-30.6,2,0.39,230,23,313.1,314.6,313.2
768.0,2418,18.8,-16.2,8,1.41,230,28,314.8,319.7,315.1
753.0,2585,17.6,-14.0,10,1.72,230,35,315.3,321.2,315.6
700.0,3204,13.0,-6.0,26,3.51,225,33,316.9,328.5,317.5
657.0,3732,8.7,-6.4,34,3.63,225,39,317.8,329.8,318.5
656.0,3744,8.6,-6.4,34,3.63,225,39,317.8,329.9,318.5
627.0,4115,5.8,-19.1,15,1.35,225,33,318.8,323.5,319.0
621.0,4194,5.2,-21.8,12,1.08,227,32,318.9,322.8,319.1
585.0,4677,1.2,-14.8,29,2.08,241,29,319.8,326.9,320.2
572.0,4857,0.0,-14.0,34,2.28,247,28,320.4,328.2,320.9
552.0,5141,-1.6,-25.2,15,0.90,255,26,321.8,325.1,321.9
539.0,5330,-2.7,-32.7,8,0.46,250,22,322.7,324.4,322.8
530.0,5463,-3.3,-22.3,21,1.21,246,20,323.5,327.9,323.8
528.0,5493,-3.6,-21.9,23,1.26,245,19,323.5,328.1,323.8
500.0,5920,-7.5,-16.5,49,2.12,265,22,323.8,331.2,324.2
499.0,5936,-7.7,-16.7,48,2.09,270,23,323.8,331.1,324.2
498.0,5951,-7.9,-16.9,48,2.06,269,23,323.7,330.9,324.1
475.0,6320,-8.1,-25.1,24,1.05,252,24,327.9,331.8,328.1
472.0,6369,-8.5,-25.4,24,1.03,250,24,327.9,331.7,328.1
451.0,6720,-11.7,-27.7,25,0.88,257,25,328.2,331.5,328.4
444.0,6841,-12.1,-31.1,19,0.65,260,25,329.2,331.7,329.3
416.0,7333,-16.3,-34.7,19,0.49,270,26,329.9,331.8,330.0
400.0,7630,-18.9,-36.9,19,0.41,265,23,330.3,331.9,330.4
395.0,7723,-19.7,-36.7,21,0.42,262,23,330.5,332.1,330.6
385.0,7910,-21.1,-38.4,20,0.36,255,24,331.0,332.4,331.1
362.0,8358,-24.6,-42.6,17,0.25,275,28,332.3,333.3,332.3
333.0,8965,-29.3,-48.3,14,0.14,263,29,333.9,334.5,333.9
325.0,9137,-30.8,-49.1,15,0.14,260,29,334.1,334.7,334.2
300.0,9700,-35.7,-51.7,18,0.11,265,31,334.9,335.4,335.0
266.0,10525,-42.9,,,,265,32,336.1,,336.1
250.0,10940,-46.5,,,,265,33,336.8,,336.8
244.0,11100,-48.0,,,,265,32,336.9,,336.9
236.0,11319,-50.1,,,,262,31,336.9,,336.9
202.0,12316,-57.1,,,,250,27,341.3,,341.3
200.0,12380,-57.5,,,,245,29,341.6,,341.6
196.0,12507,-58.6,,,,230,29,341.8,,341.8
189.0,12735,-60.5,,,,230,31,342.3,,342.3
177.0,13143,-60.7,,,,255,32,348.4,,348.4
170.0,13394,-60.8,,,,250,36,352.2,,352.2
167.0,13505,-60.9,,,,249,35,353.9,,353.9
150.0,14170,-62.1,,,,245,27,362.9,,362.9
143.0,14462,-63.2,,,,245,24,366.0,,366.0
134.0,14860,-64.6,,,,205,20,370.3,,370.3
126.0,15236,-66.0,,,,205,27,374.4,,374.4
121.0,15484,-66.9,,,,220,27,377.1,,377.1
120.0,15535,-67.1,,,,225,25,377.6,,377.6
116.0,15740,-66.9,,,,245,16,381.7,,381.7
114.0,15846,-66.8,,,,240,11,383.8,,383.8
105.0,16344,-66.2,,,,200,19,394.0,,394.0
100.0,16640,-65.9,,,,240,16,400.1,,400.1
70.0,18820,-65.7,,,,130,10,443.5,,443.5
50.0,20900,-60.1,,,,80,16,501.4,,501.4
30.0,24150,-50.1,,,,50,23,607.5,,607.5
27.1,24810,-52.7,,,,95,27,618.1,,618.1
20.0,26800,-45.9,,,,100,28,694.9,,694.9
10.0,31450,-37.9,,,,85,26,876.9,,876.9
1010.0,58,23.0,20.0,83,14.80,0,10,295.3,337.9,297.9
1000.0,139,21.8,19.2,85,14.21,0,9,294.9,335.8,297.5
925.0,811,16.6,16.6,100,13.01,345,1,296.3,334.0,298.6
920.0,857,16.2,16.2,100,12.75,0,0,296.3,333.3,298.6
917.0,885,16.2,16.2,100,12.79,0,0,296.6,333.7,298.9
915.0,904,18.2,8.2,52,7.51,0,0,298.8,321.2,300.2
910.0,951,21.4,0.4,25,4.35,0,0,302.6,316.1,303.4
907.0,980,21.6,3.6,31,5.49,0,0,303.1,320.0,304.1
904.0,1008,21.2,8.2,43,7.60,0,0,303.0,326.0,304.4
895.0,1095,21.8,-1.2,21,3.93,0,0,304.4,316.8,305.2
885.0,1192,20.8,4.8,35,6.13,0,0,304.4,323.2,305.5
879.0,1251,19.8,13.8,68,11.41,0,0,303.9,338.2,306.0
867.0,1369,20.6,-0.4,24,4.31,0,0,306.0,319.5,306.8
861.0,1429,20.6,-7.4,14,2.56,0,0,306.6,314.9,307.1
855.0,1489,19.8,7.8,46,7.82,0,0,306.4,330.3,307.8
852.0,1520,19.6,6.6,43,7.22,0,0,306.5,328.7,307.8
850.0,1540,20.2,3.2,32,5.70,0,0,307.3,325.1,308.4
845.0,1591,21.4,-8.6,13,2.37,1,1,309.1,316.9,309.5
806.0,1998,19.0,1.0,30,5.13,10,5,310.7,327.0,311.7
793.0,2137,18.4,-5.6,19,3.19,13,7,311.5,321.9,312.1
786.0,2213,19.2,-14.8,9,1.55,15,8,313.2,318.5,313.5
764.0,2454,17.6,-12.0,12,2.00,20,11,314.0,320.8,314.4
747.0,2645,16.3,-9.8,16,2.44,40,10,314.6,322.8,315.1
731.0,2828,15.1,-7.7,20,2.95,35,14,315.2,325.0,315.8
700.0,3196,12.6,-3.4,33,4.27,75,7,316.4,330.4,317.2
686.0,3364,11.4,-5.2,31,3.80,70,4,316.9,329.5,317.6
671.0,3548,10.1,-7.2,29,3.34,80,3,317.5,328.6,318.1
656.0,3737,8.8,-9.2,27,2.92,137,6,318.0,327.9,318.6
637.0,3975,6.7,-9.8,30,2.86,210,9,318.3,327.9,318.9
606.0,4379,3.1,-10.9,35,2.77,190,10,318.7,328.1,319.3
600.0,4460,2.4,-11.1,36,2.75,205,10,318.8,328.1,319.3
594.0,4541,1.6,-11.3,38,2.73,225,12,318.9,328.1,319.4
561.0,5004,-2.5,-12.5,46,2.62,221,28,319.2,328.1,319.8
552.0,5133,-2.9,-18.2,30,1.66,220,33,320.2,326.1,320.6
544.0,5248,-3.3,-23.3,20,1.08,219,33,321.1,325.0,321.3
500.0,5910,-7.3,-33.3,11,0.46,210,34,324.1,325.9,324.2
499.0,5926,-7.5,-33.5,10,0.46,210,33,324.0,325.8,324.1
494.0,6003,-8.1,-32.2,13,0.52,210,30,324.2,326.2,324.3
474.0,6322,-10.8,-26.7,26,0.92,225,31,324.8,328.1,325.0
467.0,6437,-11.7,-24.7,33,1.11,225,31,325.0,329.0,325.2
419.0,7255,-18.7,-32.7,28,0.59,225,30,326.2,328.5,326.4
400.0,7600,-20.1,-42.1,12,0.24,225,29,328.8,329.7,328.8
389.0,7805,-21.4,-43.4,12,0.21,225,30,329.7,330.5,329.7
366.0,8254,-24.3,-46.3,11,0.16,209,26,331.6,332.3,331.7
360.0,8371,-25.3,-47.0,11,0.15,205,25,331.9,332.5,331.9
339.0,8799,-28.9,-49.7,12,0.12,220,24,332.8,333.3,332.8
319.0,9233,-32.5,-52.4,12,0.09,210,27,333.6,334.0,333.6
304.0,9576,-35.3,-54.5,12,0.08,230,27,334.2,334.6,334.2
300.0,9670,-36.1,-55.1,12,0.07,225,26,334.4,334.7,334.4
280.0,10143,-40.2,,,,215,28,335.1,,335.1
267.0,10469,-43.1,,,,219,28,335.5,,335.5
250.0,10910,-46.3,,,,225,28,337.1,,337.1
232.0,11392,-49.9,,,,230,24,339.0,,339.0
221.0,11706,-52.2,,,,215,23,340.2,,340.2
200.0,12350,-56.9,,,,230,26,342.5,,342.5
194.0,12543,-58.1,,,,232,27,343.6,,343.6
185.0,12840,-58.8,,,,235,28,347.1,,347.1
167.0,13482,-60.4,,,,220,20,354.8,,354.8
166.0,13520,-60.5,,,,221,20,355.2,,355.2
151.0,14109,-61.6,,,,240,15,363.0,,363.0
150.0,14150,-61.7,,,,240,16,363.6,,363.6
146.0,14317,-62.7,,,,225,15,364.7,,364.7
142.0,14488,-63.7,,,,250,22,365.8,,365.8
136.0,14754,-62.5,,,,241,23,372.5,,372.5
132.0,14937,-62.8,,,,235,23,375.1,,375.1
126.0,15223,-63.3,,,,250,21,379.3,,379.3
113.0,15891,-64.4,,,,245,14,389.1,,389.1
110.0,16056,-64.7,,,,200,12,391.6,,391.6
106.0,16283,-65.1,,,,195,18,395.1,,395.1
100.0,16640,-65.7,,,,245,17,400.5,,400.5
70.0,18810,-65.7,,,,225,16,443.5,,443.5
50.0,20890,-59.1,,,,140,16,503.8,,503.8
30.0,24150,-52.5,,,,110,28,600.9,,600.9
20.0,26810,-47.9,,,,90,30,688.8,,688.8
10.0,31420,-42.9,,,,115,29,858.3,,858.3
1011.0,58,22.0,17.8,77,12.85,340,6,294.2,331.1,296.5
1001.0,143,21.1,16.7,76,12.09,10,12,294.2,328.9,296.3
1000.0,151,21.0,16.6,76,12.02,10,12,294.1,328.7,296.3
977.0,351,19.3,16.2,82,11.98,0,19,294.4,328.8,296.5
925.0,820,15.2,15.2,100,11.88,10,8,294.8,329.1,296.9
917.0,894,14.6,14.6,100,11.52,5,8,295.0,328.2,297.0
913.0,931,17.8,9.8,59,8.39,21,7,298.6,323.5,300.1
907.0,988,21.0,10.0,49,8.57,45,6,302.5,328.2,304.0
901.0,1045,21.7,6.7,38,6.89,70,5,303.8,324.8,305.1
892.0,1133,22.8,1.8,25,4.91,83,6,305.8,321.1,306.7
876.0,1290,21.6,9.6,46,8.63,106,7,306.1,332.5,307.7
860.0,1450,22.2,-4.8,16,3.13,130,8,308.4,318.4,308.9
855.0,1500,21.8,-3.2,19,3.55,137,9,308.4,319.8,309.1
850.0,1551,21.4,2.4,29,5.38,145,9,308.6,325.5,309.6
829.0,1767,19.2,9.2,52,8.88,185,7,308.4,335.8,310.1
819.0,1871,18.8,5.8,43,7.11,204,5,309.1,331.2,310.4
816.0,1903,19.0,2.3,33,5.56,210,5,309.6,327.2,310.7
815.0,1913,19.1,1.1,30,5.11,220,5,309.8,326.0,310.8
811.0,1956,19.4,-3.6,21,3.63,234,7,310.6,322.3,311.3
805.0,2019,19.0,-3.0,22,3.82,255,11,310.9,323.2,311.6
780.0,2288,17.5,-0.6,29,4.73,270,20,312.1,327.2,313.0
743.0,2703,15.2,3.2,45,6.52,246,29,313.9,334.7,315.1
726.0,2899,14.5,1.4,41,5.87,235,34,315.2,334.0,316.3
711.0,3076,13.8,-0.2,38,5.33,229,31,316.3,333.6,317.3
700.0,3207,12.6,-1.4,38,4.96,225,29,316.4,332.5,317.4
694.0,3277,12.0,-2.0,38,4.77,220,30,316.5,332.1,317.4
528.0,5488,-7.5,-22.5,29,1.20,216,26,318.8,323.1,319.1
500.0,5910,-10.3,-29.3,19,0.68,215,25,320.4,322.9,320.6
488.0,6097,-11.5,-30.5,19,0.62,222,25,321.2,323.5,321.3
467.0,6432,-12.8,-36.9,11,0.35,235,24,323.6,324.9,323.7
436.0,6955,-14.9,-46.9,5,0.13,232,17,327.4,327.9,327.4
420.0,7236,-17.6,-41.4,11,0.24,230,13,327.4,328.4,327.5
409.0,7435,-19.5,-37.5,19,0.37,256,16,327.5,328.9,327.5
405.0,7508,-19.9,-41.0,13,0.26,265,17,327.9,329.0,328.0
400.0,7600,-20.3,-45.3,9,0.17,265,16,328.5,329.2,328.6
380.0,7971,-23.3,-48.0,8,0.13,270,17,329.5,330.0,329.5
362.0,8322,-26.1,-50.6,8,0.10,250,16,330.3,330.8,330.4
346.0,8649,-28.7,-53.0,8,0.08,265,17,331.1,331.4,331.1
326.0,9080,-32.1,-56.1,7,0.06,259,21,332.0,332.3,332.1
300.0,9660,-37.3,-56.3,12,0.06,250,26,332.7,333.0,332.7
291.0,9869,-39.1,-56.1,15,0.07,247,28,333.0,333.3,333.0
271.0,10348,-42.8,,,,240,33,334.6,,334.6
250.0,10890,-46.9,,,,250,31,336.2,,336.2
238.0,11212,-49.3,,,,255,29,337.4,,337.4
220.0,11728,-53.1,,,,248,30,339.2,,339.2
200.0,12340,-55.7,,,,240,31,344.4,,344.4
196.0,12467,-56.2,,,,235,31,345.6,,345.6
185.0,12831,-57.7,,,,250,28,348.9,,348.9
174.0,13218,-59.4,,,,220,28,352.4,,352.4
173.0,13254,-59.5,,,,221,28,352.7,,352.7
150.0,14140,-62.1,,,,240,29,362.9,,362.9
148.0,14223,-62.3,,,,245,28,363.9,,363.9
141.0,14521,-63.1,,,,225,24,367.7,,367.7
132.0,14928,-64.1,,,,240,30,372.8,,372.8
122.0,15413,-63.2,,,,245,19,383.0,,383.0
117.0,15671,-62.7,,,,221,19,388.5,,388.5
111.0,15993,-64.2,,,,190,19,391.5,,391.5
102.0,16510,-66.7,,,,215,14,396.3,,396.3
100.0,16630,-66.3,,,,210,17,399.4,,399.4
70.0,18810,-62.9,,,,85,6,449.5,,449.5
50.0,20890,-59.1,,,,115,12,503.8,,503.8
30.0,24150,-53.7,,,,75,17,597.6,,597.6
20.0,26760,-51.9,,,,95,22,676.6,,676.6
10.0,31380,-44.3,,,,85,26,853.1,,853.1
1010.0,58,22.4,20.1,87,14.89,20,6,294.7,337.5,297.3
1000.0,139,21.2,18.2,83,13.33,15,9,294.4,332.6,296.7
959.0,501,18.0,17.2,95,13.04,85,6,294.6,332.2,297.0
951.0,573,18.4,11.4,64,8.97,99,6,295.8,322.0,297.4
946.0,618,17.8,13.9,78,10.66,108,5,295.6,326.5,297.5
943.0,645,18.0,14.7,81,11.27,113,5,296.1,328.8,298.1
939.0,682,20.8,6.8,40,6.64,120,5,299.3,319.2,300.5
935.0,719,22.8,11.8,50,9.38,127,5,301.7,329.7,303.4
933.0,738,22.8,13.8,57,10.74,131,5,301.9,333.9,303.8
925.0,813,25.4,7.4,32,7.03,145,4,305.3,326.8,306.6
920.0,861,26.4,1.4,20,4.62,147,4,306.8,321.3,307.6
875.0,1299,22.9,9.5,43,8.60,165,1,307.6,334.0,309.2
866.0,1389,22.2,11.2,50,9.73,174,3,307.7,337.6,309.6
850.0,1551,21.8,6.8,38,7.34,190,6,309.0,331.8,310.3
803.0,2043,20.8,-8.9,13,2.45,250,15,313.0,321.1,313.4
802.0,2054,20.8,-9.2,12,2.39,250,15,313.1,321.1,313.5
750.0,2624,16.6,-5.1,22,3.52,255,27,314.5,326.1,315.2
700.0,3210,12.2,-0.8,41,5.18,235,31,316.0,332.8,316.9
686.0,3379,11.0,-2.5,39,4.66,230,31,316.5,331.7,317.4
674.0,3526,10.0,-4.0,37,4.24,231,31,316.9,330.9,317.8
629.0,4085,4.6,-6.0,46,3.89,235,32,317.1,329.9,317.8
560.0,5025,-4.5,-9.5,68,3.34,230,26,317.1,328.1,317.7
558.0,5054,-4.5,-11.9,56,2.77,230,26,317.4,326.7,317.9
555.0,5096,-4.5,-15.5,42,2.07,231,26,317.9,325.0,318.3
548.0,5196,-4.5,-28.5,13,0.67,235,26,319.0,321.5,319.1
517.0,5650,-7.8,-31.2,13,0.55,250,24,320.4,322.4,320.5
500.0,5910,-9.7,-32.7,13,0.49,240,21,321.1,323.0,321.2
499.0,5925,-9.8,-32.9,13,0.48,240,21,321.3,323.1,321.4
490.0,6065,-10.3,-34.5,12,0.42,260,19,322.3,323.9,322.4
476.0,6288,-11.1,-37.0,10,0.34,240,24,323.9,325.2,324.0
467.0,6435,-11.7,-38.7,9,0.29,245,23,325.0,326.1,325.1
424.0,7162,-17.3,-39.3,13,0.30,270,19,326.9,328.1,327.0
404.0,7525,-20.1,-39.6,16,0.30,255,18,327.8,329.0,327.9
400.0,7600,-20.7,-39.7,17,0.30,255,18,328.0,329.2,328.1
378.0,8012,-23.5,-45.0,12,0.18,250,19,329.6,330.4,329.7
349.0,8593,-27.5,-52.5,7,0.08,290,13,331.9,332.2,331.9
329.0,9009,-30.9,-55.1,7,0.07,275,12,332.8,333.1,332.8
318.0,9249,-32.9,-56.7,7,0.06,295,11,333.3,333.5,333.3
304.0,9567,-35.5,-58.7,7,0.05,295,10,333.9,334.1,333.9
300.0,9660,-36.3,-59.3,7,0.04,300,10,334.1,334.3,334.1
291.0,9868,-38.1,,,,300,8,334.4,,334.4
281.0,10106,-40.2,,,,305,10,334.8,,334.8
275.0,10253,-41.5,,,,330,10,334.9,,334.9
257.0,10714,-45.6,,,,320,11,335.5,,335.5
254.0,10794,-46.3,,,,309,10,335.6,,335.6
250.0,10900,-46.9,,,,295,9,336.2,,336.2
244.0,11057,-48.0,,,,305,9,336.9,,336.9
223.0,11638,-52.0,,,,290,8,339.5,,339.5
211.0,11994,-54.5,,,,260,12,341.0,,341.0
200.0,12340,-56.9,,,,265,15,342.5,,342.5
187.0,12762,-60.0,,,,265,15,344.2,,344.2
184.0,12864,-60.7,,,,265,17,344.6,,344.6
170.0,13355,-61.8,,,,265,28,350.6,,350.6
169.0,13392,-61.9,,,,265,28,351.1,,351.1
159.0,13769,-61.9,,,,250,40,357.2,,357.2
150.0,14130,-61.9,,,,240,37,363.2,,363.2
148.0,14213,-62.0,,,,235,37,364.5,,364.5
146.0,14297,-62.1,,,,241,37,365.7,,365.7
138.0,14644,-62.4,,,,265,35,371.1,,371.1
135.0,14779,-62.5,,,,270,28,373.2,,373.2
131.0,14964,-62.7,,,,250,23,376.2,,376.2
126.0,15204,-62.9,,,,260,14,380.0,,380.0
125.0,15253,-62.9,,,,250,13,380.8,,380.8
123.0,15352,-63.0,,,,230,16,382.4,,382.4
116.0,15712,-63.3,,,,245,24,388.3,,388.3
109.0,16095,-63.6,,,,255,15,394.6,,394.6
108.0,16152,-63.7,,,,251,14,395.6,,395.6
104.0,16382,-65.4,,,,235,11,396.7,,396.7
102.0,16500,-66.2,,,,220,13,397.3,,397.3
100.0,16620,-67.1,,,,230,16,397.8,,397.8
70.0,18790,-63.5,,,,225,10,448.2,,448.2
50.0,20890,-58.1,,,,55,16,506.1,,506.1
30.0,24140,-54.9,,,,115,18,594.4,,594.4
20.0,26750,-51.9,,,,105,28,676.6,,676.6
10.0,31350,-44.3,,,,65,26,853.1,,853.1
1010.0,58,22.6,20.7,89,15.47,0,6,294.9,339.4,297.6
1000.0,141,21.6,19.0,85,14.03,0,9,294.8,335.1,297.2
925.0,812,18.2,14.3,78,11.19,5,6,297.9,330.7,299.9
850.0,1542,19.8,0.8,28,4.79,320,8,306.9,321.9,307.8
700.0,3202,12.2,-4.8,30,3.84,250,25,316.0,328.6,316.7
500.0,5900,-10.1,-19.1,48,1.70,230,25,320.7,326.6,321.0
400.0,7600,-19.7,-45.7,8,0.16,245,16,329.3,330.0,329.3
300.0,9660,-36.5,-42.5,54,0.30,260,23,333.8,335.0,333.9
250.0,10900,-47.3,,,,255,34,335.6,,335.6
200.0,12340,-58.1,,,,255,36,340.6,,340.6
175.0,13172,-62.5,,,,250,43,346.6,,346.6
150.0,14120,-63.7,,,,260,32,360.1,,360.1
100.0,16590,-65.1,,,,230,19,401.7,,401.7
70.0,18780,-62.5,,,,170,10,450.3,,450.3
50.0,20880,-58.3,,,,285,3,505.7,,505.7
30.0,24120,-53.3,,,,85,19,598.7,,598.7
20.0,26750,-48.5,,,,110,24,687.0,,687.0
1010.0,58,21.8,18.6,82,13.54,0,6,294.1,332.9,296.5
1008.0,76,21.6,18.5,83,13.46,20,3,294.0,332.6,296.4
1000.0,147,20.6,18.0,85,13.16,15,6,293.8,331.4,296.1
965.0,454,18.2,17.1,93,12.87,31,8,294.3,331.3,296.6
959.0,508,18.2,16.0,87,12.06,34,8,294.9,329.6,297.0
958.0,517,18.4,14.7,79,11.09,34,8,295.1,327.2,297.1
954.0,553,20.4,9.4,49,7.81,36,8,297.5,320.6,298.9
952.0,571,20.2,8.2,46,7.21,37,9,297.5,318.9,298.8
925.0,820,22.2,8.2,41,7.43,50,10,302.0,324.4,303.4
879.0,1261,20.3,2.9,32,5.40,70,8,304.5,321.1,305.5
858.0,1470,19.4,0.4,28,4.61,74,6,305.6,320.1,306.5
850.0,1550,19.6,-1.4,24,4.08,75,5,306.7,319.6,307.4
844.0,1611,20.0,-17.0,7,1.20,47,5,307.7,311.8,307.9
831.0,1744,19.4,-10.6,12,2.06,345,4,308.4,315.3,308.8
819.0,1869,20.1,-9.3,13,2.31,280,12,310.4,318.1,310.9
810.0,1964,20.6,-8.4,13,2.52,273,14,312.0,320.3,312.4
794.0,2136,20.2,1.2,28,5.28,262,18,313.3,330.3,314.3
792.0,2157,20.0,1.1,28,5.28,260,19,313.4,330.3,314.4
767.0,2429,17.6,0.5,32,5.22,270,21,313.7,330.4,314.6
752.0,2597,16.1,0.2,34,5.18,250,23,313.8,330.5,314.8
733.0,2814,14.2,-0.3,37,5.13,230,19,314.1,330.6,315.0
711.0,3072,12.0,-0.9,41,5.06,235,21,314.3,330.6,315.3
700.0,3204,10.8,-1.2,43,5.03,225,21,314.4,330.6,315.4
647.0,3846,5.1,-2.6,57,4.90,200,16,315.1,331.0,316.1
605.0,4393,0.2,-3.9,74,4.78,200,24,315.6,331.1,316.5
585.0,4667,-2.2,-4.5,84,4.72,175,27,315.8,331.2,316.7
584.0,4681,-2.3,-4.5,85,4.72,175,27,315.8,331.2,316.7
559.0,5025,-4.4,-5.9,89,4.44,175,36,317.3,331.9,318.2
511.0,5731,-8.7,-8.7,100,3.90,197,30,320.4,333.4,321.1
504.0,5838,-9.5,-9.5,100,3.72,200,29,320.7,333.2,321.4
500.0,5900,-9.9,-9.9,100,3.63,195,26,320.9,333.1,321.6
476.0,6279,-11.7,-12.6,93,3.07,181,17,323.2,333.7,323.8
474.0,6311,-11.7,-15.6,73,2.41,179,16,323.6,331.9,324.1
467.0,6423,-12.5,-16.2,74,2.32,175,13,324.0,332.1,324.5
454.0,6636,-13.9,-17.4,75,2.17,195,13,324.8,332.4,325.2
442.0,6838,-15.3,-18.5,77,2.03,185,16,325.6,332.7,326.0
425.0,7133,-17.4,-20.1,79,1.83,195,11,326.6,333.1,327.0
415.0,7313,-18.6,-21.1,81,1.72,205,14,327.3,333.4,327.6
400.0,7590,-20.5,-22.6,83,1.57,195,16,328.3,333.9,328.6
395.0,7683,-21.5,-23.2,86,1.51,195,15,328.1,333.6,328.4
393.0,7720,-21.9,-23.4,88,1.48,200,16,328.1,333.5,328.4
389.0,7795,-22.4,-23.9,88,1.43,210,18,328.4,333.6,328.7
380.0,7966,-23.6,-25.1,87,1.32,195,19,329.0,333.8,329.3
366.0,8240,-25.5,-27.0,87,1.15,204,21,330.0,334.3,330.3
356.0,8439,-26.7,-30.6,69,0.84,210,22,331.1,334.3,331.3
344.0,8686,-28.1,-35.1,51,0.57,210,22,332.4,334.6,332.5
300.0,9650,-36.5,-41.5,60,0.34,210,24,333.8,335.2,333.9
298.0,9697,-36.7,-42.7,54,0.30,210,24,334.2,335.4,334.2
269.0,10399,-43.1,,,,213,28,334.8,,334.8
250.0,10890,-47.7,,,,215,31,335.0,,335.0
249.0,10916,-47.9,,,,215,31,335.1,,335.1
242.0,11104,-47.6,,,,235,39,338.3,,338.3
240.0,11159,-47.5,,,,237,38,339.2,,339.2
237.0,11241,-48.1,,,,241,37,339.6,,339.6
234.0,11324,-48.6,,,,245,35,340.1,,340.1
213.0,11932,-52.1,,,,245,20,343.8,,343.8
200.0,12340,-54.5,,,,240,33,346.3,,346.3
195.0,12502,-55.5,,,,240,37,347.2,,347.2
193.0,12568,-55.8,,,,240,39,347.7,,347.7
176.0,13153,-58.7,,,,243,35,352.3,,352.3
163.0,13632,-60.7,,,,245,31,356.7,,356.7
150.0,14150,-62.9,,,,270,28,361.5,,361.5
139.0,14612,-65.3,,,,240,35,365.3,,365.3
131.0,14972,-67.1,,,,255,39,368.3,,368.3
126.0,15208,-68.3,,,,260,33,370.2,,370.2
120.0,15502,-67.8,,,,275,31,376.3,,376.3
110.0,16026,-67.0,,,,265,22,387.3,,387.3
107.0,16193,-66.7,,,,280,20,390.9,,390.9
104.0,16364,-66.5,,,,260,18,394.6,,394.6
100.0,16600,-66.1,,,,280,10,399.8,,399.8
70.0,18790,-60.1,,,,205,4,455.5,,455.5
50.0,20890,-58.7,,,,55,10,504.7,,504.7
30.0,24140,-52.9,,,,75,26,599.8,,599.8
20.0,26770,-50.5,,,,95,31,680.8,,680.8
10.0,31400,-40.3,,,,90,24,868.0,,868.0
1009.0,58,22.6,20.5,88,15.29,340,4,295.0,339.0,297.7
1000.0,133,21.8,20.3,91,15.24,350,5,294.9,338.8,297.6
975.0,353,20.2,17.8,86,13.33,22,10,295.5,333.9,297.8
957.0,514,21.3,11.8,55,9.18,45,13,298.1,325.2,299.8
948.0,596,21.8,8.8,43,7.55,45,12,299.5,322.0,300.9
942.0,651,21.4,10.4,49,8.47,45,11,299.6,324.8,301.1
925.0,809,23.0,11.0,47,8.98,45,9,302.8,329.9,304.5
922.0,837,23.3,12.1,50,9.71,50,9,303.4,332.6,305.1
918.0,875,23.6,13.6,53,10.77,64,9,304.1,336.5,306.1
908.0,971,24.0,13.0,50,10.47,100,10,305.4,337.2,307.4
888.0,1166,24.8,11.8,44,9.88,115,9,308.2,338.6,310.1
850.0,1548,22.0,12.0,53,10.47,185,9,309.2,341.4,311.1
831.0,1743,21.0,10.2,50,9.51,175,11,310.2,339.6,311.9
804.0,2028,19.6,7.7,46,8.24,205,15,311.6,337.4,313.2
792.0,2158,19.0,6.5,44,7.72,200,20,312.3,336.5,313.7
781.0,2279,18.4,5.4,42,7.25,190,18,312.9,335.8,314.2
775.0,2344,17.9,5.1,43,7.14,185,17,313.0,335.5,314.3
761.0,2498,16.6,4.3,44,6.87,205,16,313.2,335.0,314.5
706.0,3133,11.2,1.0,49,5.85,200,20,314.1,332.8,315.2
700.0,3205,10.6,0.6,50,5.74,205,18,314.2,332.6,315.3
691.0,3311,9.7,0.5,53,5.79,220,13,314.3,332.8,315.4
688.0,3347,9.3,0.5,54,5.80,225,15,314.3,332.9,315.4
674.0,3516,7.8,0.4,59,5.87,215,19,314.5,333.3,315.6
621.0,4189,1.8,-0.1,87,6.16,231,25,315.0,334.7,316.2
608.0,4359,0.8,-3.9,71,4.76,235,27,315.8,331.2,316.7
596.0,4519,-0.2,-7.4,58,3.70,225,25,316.4,328.6,317.1
583.0,4696,-1.3,-11.3,47,2.78,235,27,317.2,326.5,317.7
565.0,4943,-3.4,-11.1,55,2.93,250,29,317.6,327.4,318.1
526.0,5507,-8.1,-10.5,83,3.29,239,37,318.4,329.4,319.1
513.0,5701,-9.0,-12.1,79,2.97,235,40,319.6,329.6,320.2
512.0,5716,-9.1,-12.2,78,2.94,236,39,319.7,329.6,320.3
506.0,5808,-8.9,-20.9,37,1.44,243,36,321.0,326.1,321.3
500.0,5900,-9.3,-20.3,40,1.53,250,32,321.6,327.0,321.9
499.0,5915,-9.4,-20.2,41,1.55,250,32,321.7,327.2,322.0
482.0,6182,-10.7,-18.7,52,1.82,245,29,323.3,329.7,323.7
467.0,6424,-12.5,-28.5,25,0.79,241,26,324.0,326.9,324.1
445.0,6788,-15.7,-31.0,26,0.65,235,22,324.4,326.9,324.6
436.0,6942,-17.1,-32.1,26,0.60,237,25,324.6,326.8,324.7
415.0,7309,-20.5,-25.5,64,1.16,242,31,324.8,329.0,325.1
414.0,7327,-20.9,-25.9,64,1.13,242,31,324.5,328.6,324.8
402.0,7543,-21.5,-36.5,25,0.42,245,35,326.5,328.1,326.6
400.0,7580,-21.9,-36.9,24,0.41,245,36,326.4,328.0,326.5
391.0,7747,-22.9,-40.3,19,0.29,235,39,327.3,328.5,327.4
378.0,7995,-24.3,-45.3,13,0.18,234,38,328.6,329.3,328.6
351.0,8532,-28.7,-33.7,62,0.64,233,37,329.7,332.1,329.8
336.0,8844,-29.9,-43.9,24,0.23,232,36,332.2,333.1,332.2
300.0,9640,-37.7,-45.7,43,0.21,230,34,332.1,333.0,332.2
298.0,9686,-38.2,-45.6,46,0.22,230,33,332.0,332.9,332.1
297.0,9709,-38.5,-45.5,48,0.22,229,33,331.9,332.8,332.0
293.0,9803,-38.1,-52.1,22,0.11,224,33,333.8,334.2,333.8
282.0,10063,-40.0,,,,210,32,334.7,,334.7
259.0,10640,-44.3,,,,230,33,336.6,,336.6
250.0,10880,-46.1,,,,220,33,337.4,,337.4
245.0,11013,-47.0,,,,220,33,338.0,,338.0
235.0,11287,-48.9,,,,231,29,339.2,,339.2
231.0,11398,-49.4,,,,235,28,340.1,,340.1
213.0,11925,-51.9,,,,247,37,344.2,,344.2
201.0,12298,-52.8,,,,255,43,348.5,,348.5
200.0,12330,-52.9,,,,255,44,348.8,,348.8
181.0,12969,-56.1,,,,258,53,353.7,,353.7
173.0,13251,-58.4,,,,260,57,354.6,,354.6
160.0,13740,-62.3,,,,265,50,355.9,,355.9
150.0,14140,-60.7,,,,260,45,365.3,,365.3
144.0,14394,-60.8,,,,255,42,369.5,,369.5
141.0,14526,-60.8,,,,260,42,371.7,,371.7
132.0,14937,-60.9,,,,290,25,378.6,,378.6
129.0,15080,-60.9,,,,311,18,381.0,,381.0
123.0,15373,-63.1,,,,355,3,382.3,,382.3
117.0,15681,-65.3,,,,185,10,383.7,,383.7
115.0,15787,-66.1,,,,200,16,384.1,,384.1
112.0,15948,-65.7,,,,205,25,387.7,,387.7
105.0,16342,-64.8,,,,250,20,396.7,,396.7
101.0,16579,-64.2,,,,230,9,402.2,,402.2
100.0,16640,-64.1,,,,220,9,403.6,,403.6
70.0,18810,-62.3,,,,275,6,450.8,,450.8
50.0,20890,-58.7,,,,55,14,504.7,,504.7
30.0,24140,-53.3,,,,90,21,598.7,,598.7
20.0,26780,-47.1,,,,85,21,691.2,,691.2
10.0,31430,-42.5,,,,70,39,859.8,,859.8
1011.0,58,22.2,19.8,86,14.60,20,2,294.4,336.3,297.0
1000.0,151,21.4,19.3,88,14.30,45,5,294.6,335.6,297.1
964.0,468,18.4,18.1,98,13.75,56,8,294.6,334.1,297.1
958.0,522,18.8,17.1,90,12.97,58,8,295.6,333.0,297.9
954.0,558,21.2,-5.8,16,2.61,59,8,298.3,306.5,298.8
952.0,576,21.8,-14.2,8,1.35,59,9,299.1,303.5,299.4
934.0,742,23.1,-22.3,4,0.69,65,10,302.0,304.4,302.2
929.0,788,23.4,-24.6,3,0.56,65,8,302.9,304.8,303.0
925.0,826,23.0,-3.0,17,3.33,65,7,302.8,313.3,303.4
920.0,873,22.6,7.6,38,7.16,76,7,302.9,324.6,304.2
904.0,1026,23.0,11.0,47,9.20,110,8,304.8,332.7,306.5
894.0,1123,24.6,0.6,21,4.49,132,8,307.4,321.6,308.3
882.0,1241,25.2,2.2,22,5.11,158,8,309.2,325.4,310.2
850.0,1564,23.2,1.2,23,4.93,230,9,310.4,326.1,311.4
843.0,1635,22.6,1.2,24,4.98,230,10,310.6,326.4,311.5
796.0,2128,18.7,1.3,31,5.32,240,18,311.5,328.4,312.5
779.0,2314,17.2,1.4,34,5.45,225,22,311.8,329.1,312.8
759.0,2537,15.4,1.4,39,5.61,230,23,312.2,330.1,313.3
734.0,2820,13.6,-7.4,23,3.00,236,25,313.2,323.1,313.8
700.0,3217,10.4,-1.6,43,4.89,245,28,314.0,329.7,314.9
685.0,3397,8.8,-1.2,49,5.14,246,27,314.1,330.7,315.1
657.0,3741,6.6,-9.4,31,2.87,249,25,315.4,325.0,316.0
646.0,3879,5.4,-9.2,34,2.97,250,24,315.6,325.5,316.2
612.0,4319,1.6,-8.4,47,3.33,235,28,316.1,327.2,316.8
587.0,4654,-1.7,-3.1,90,5.21,238,31,316.1,332.9,317.1
582.0,4722,-1.9,-5.9,74,4.25,239,31,316.6,330.6,317.4
553.0,5127,-5.7,-7.2,89,4.05,243,35,316.8,330.1,317.6
541.0,5299,-6.9,-7.6,95,4.01,244,36,317.3,330.6,318.1
536.0,5371,-7.4,-8.8,90,3.69,245,37,317.6,329.8,318.3
518.0,5637,-9.1,-13.2,72,2.68,245,40,318.6,327.7,319.2
500.0,5910,-11.5,-13.7,84,2.67,245,44,318.9,328.0,319.5
490.0,6064,-12.6,-14.6,85,2.53,245,41,319.4,328.0,319.9
480.0,6221,-13.8,-15.5,86,2.39,235,45,319.9,328.1,320.4
477.0,6269,-14.1,-15.8,87,2.35,234,44,320.1,328.1,320.5
465.0,6462,-14.7,-22.7,51,1.34,228,38,321.6,326.4,321.9
462.0,6512,-14.1,-29.1,27,0.75,226,37,323.0,325.8,323.1
452.0,6677,-14.7,-41.7,8,0.22,221,32,324.3,325.1,324.3
446.0,6778,-14.9,-36.9,13,0.36,218,29,325.3,326.7,325.3
440.0,6879,-15.8,-36.8,15,0.37,215,26,325.4,326.9,325.5
400.0,7590,-21.9,-35.9,27,0.45,215,38,326.4,328.2,326.5
380.0,7964,-25.3,-39.3,26,0.33,219,39,326.8,328.1,326.8
345.0,8655,-31.9,-34.2,80,0.62,227,42,327.0,329.3,327.1
337.0,8820,-33.3,-36.1,76,0.52,229,43,327.3,329.3,327.4
333.0,8904,-33.6,-39.2,57,0.39,230,43,327.9,329.4,328.0
328.0,9009,-34.1,-43.1,40,0.26,233,46,328.7,329.8,328.8
310.0,9403,-35.3,-53.3,14,0.09,244,57,332.4,332.8,332.4
300.0,9630,-36.7,-56.7,11,0.06,250,64,333.5,333.8,333.5
297.0,9699,-37.1,,,,250,65,333.9,,333.9
278.0,10152,-39.9,,,,245,73,336.3,,336.3
270.0,10352,-41.1,,,,245,71,337.3,,337.3
250.0,10870,-45.5,,,,245,67,338.3,,338.3
238.0,11197,-48.1,,,,248,67,339.2,,339.2
200.0,12330,-54.3,,,,260,65,346.6,,346.6
197.0,12426,-54.6,,,,260,62,347.6,,347.6
169.0,13399,-57.7,,,,240,50,358.0,,358.0
161.0,13706,-58.7,,,,243,54,361.4,,361.4
156.0,13904,-59.1,,,,245,56,364.0,,364.0
150.0,14150,-59.5,,,,240,47,367.4,,367.4
136.0,14756,-62.5,,,,225,31,372.6,,372.6
129.0,15082,-64.1,,,,210,40,375.4,,375.4
128.0,15130,-64.3,,,,215,40,375.8,,375.8
127.0,15178,-64.3,,,,220,40,376.6,,376.6
119.0,15576,-64.2,,,,270,17,383.9,,383.9
115.0,15785,-64.1,,,,250,10,387.8,,387.8
113.0,15893,-64.1,,,,235,9,389.8,,389.8
111.0,16002,-64.1,,,,205,10,391.8,,391.8
108.0,16169,-64.0,,,,220,14,395.0,,395.0
105.0,16342,-64.0,,,,205,17,398.3,,398.3
102.0,16519,-63.9,,,,225,15,401.7,,401.7
100.0,16640,-63.9,,,,215,10,404.0,,404.0
70.0,18820,-62.5,,,,285,7,450.3,,450.3
50.0,20910,-59.9,,,,90,12,501.9,,501.9
30.0,24130,-52.7,,,,90,30,600.4,,600.4
20.0,26760,-49.1,,,,70,17,685.1,,685.1
1011.0,58,21.2,19.3,89,14.14,300,4,293.4,333.9,295.9
1000.0,147,20.4,17.0,81,12.34,330,6,293.6,328.9,295.7
925.0,816,20.6,8.6,46,7.63,195,3,300.4,323.2,301.8
850.0,1549,20.4,8.4,46,8.20,225,13,307.5,332.7,309.0
700.0,3195,10.4,-1.6,43,4.89,235,35,314.0,329.7,314.9
500.0,5890,-8.3,-34.3,10,0.42,235,35,322.9,324.5,322.9
400.0,7580,-21.9,-42.9,13,0.22,245,43,326.4,327.3,326.5
300.0,9630,-37.1,-45.1,43,0.23,255,54,333.0,333.9,333.0
250.0,10860,-46.3,,,,265,71,337.1,,337.1
209.0,12024,-54.6,,,,260,83,341.7,,341.7
200.0,12310,-56.7,,,,260,81,342.8,,342.8
166.0,13473,-61.7,,,,260,65,353.2,,353.2
150.0,14100,-60.7,,,,250,59,365.3,,365.3
100.0,16610,-62.7,,,,245,29,406.3,,406.3
70.0,18810,-60.1,,,,25,4,455.5,,455.5
50.0,20890,-61.1,,,,70,13,499.1,,499.1
30.0,24120,-52.5,,,,95,24,600.9,,600.9
20.0,26760,-49.1,,,,70,17,685.1,,685.1
10.0,31350,-41.9,,,,75,23,862.0,,862.0
1009.0,58,20.8,18.4,86,13.38,0,4,293.2,331.4,295.6
1000.0,136,20.4,16.4,78,11.87,5,6,293.6,327.6,295.6
926.0,795,15.4,12.0,80,9.60,335,5,295.0,322.8,296.7
925.0,804,15.4,11.8,79,9.48,335,5,295.1,322.6,296.7
924.0,813,15.6,10.8,73,8.87,332,5,295.4,321.2,296.9
923.0,822,16.8,8.8,59,7.75,330,5,296.7,319.5,298.1
922.0,832,18.0,-20.0,6,0.85,327,5,298.0,300.8,298.1
920.0,850,20.2,-20.8,5,0.80,322,5,300.4,303.1,300.6
910.0,944,21.0,-26.0,3,0.51,295,4,302.2,304.0,302.3
896.0,1078,20.6,1.6,28,4.82,257,3,303.1,318.0,304.0
886.0,1174,20.1,1.8,29,4.93,230,2,303.6,318.9,304.5
850.0,1531,18.4,2.4,34,5.38,280,4,305.4,322.1,306.4
813.0,1908,16.7,-3.9,24,3.55,260,7,307.5,318.8,308.1
764.0,2436,14.2,-12.6,14,1.91,255,15,310.4,316.7,310.7
748.0,2615,13.4,-15.6,12,1.53,251,16,311.3,316.5,311.6
700.0,3168,9.4,-16.6,14,1.50,240,18,312.9,318.0,313.1
650.0,3774,5.4,-25.1,9,0.77,230,31,315.0,317.8,315.2
624.0,4107,3.2,-29.8,7,0.52,231,33,316.2,318.1,316.3
586.0,4612,-0.1,-28.1,10,0.65,232,37,318.1,320.5,318.2
567.0,4874,-1.9,-9.9,54,3.20,233,39,319.0,329.7,319.6
547.0,5159,-3.5,-16.5,36,1.93,234,41,320.4,327.1,320.8
516.0,5614,-7.1,-22.7,28,1.20,235,44,321.4,325.7,321.6
500.0,5860,-9.1,-26.1,24,0.91,235,41,321.9,325.2,322.1
496.0,5922,-9.5,-27.5,22,0.81,235,41,322.1,325.1,322.3
471.0,6321,-13.1,-29.1,25,0.74,232,42,322.5,325.2,322.6
468.0,6370,-13.5,-19.5,61,1.75,232,42,322.6,328.7,322.9
459.0,6518,-14.7,-17.1,82,2.19,231,42,322.9,330.5,323.3
454.0,6601,-15.3,-19.2,72,1.85,230,42,323.2,329.7,323.5
442.0,6803,-16.6,-24.4,51,1.21,235,36,323.9,328.3,324.2
426.0,7082,-18.5,-31.5,31,0.65,242,38,325.0,327.4,325.1
420.0,7187,-19.5,-31.4,34,0.67,245,39,325.0,327.5,325.1
400.0,7550,-22.9,-30.9,48,0.73,240,39,325.1,327.9,325.3
374.0,8035,-27.6,-32.5,63,0.67,235,40,325.2,327.7,325.4
364.0,8230,-29.5,-33.1,71,0.65,241,43,325.2,327.6,325.3
361.0,8289,-28.3,-44.3,20,0.21,243,44,327.6,328.4,327.6
359.0,8329,-27.9,-50.9,9,0.10,245,45,328.6,329.1,328.7
351.0,8487,-29.1,-51.8,9,0.09,250,47,329.2,329.6,329.2
300.0,9590,-37.3,-58.3,9,0.05,245,45,332.7,332.9,332.7
250.0,10820,-46.9,,,,250,52,336.2,,336.2
235.0,11229,-50.2,,,,255,52,337.1,,337.1
233.0,11286,-50.7,,,,255,53,337.3,,337.3
200.0,12270,-58.1,,,,260,71,340.6,,340.6
198.0,12333,-58.5,,,,260,72,340.9,,340.9
197.0,12365,-58.7,,,,260,71,341.1,,341.1
183.0,12825,-60.9,,,,260,62,344.8,,344.8
164.0,13506,-60.7,,,,252,54,356.1,,356.1
150.0,14060,-61.5,,,,245,48,363.9,,363.9
144.0,14313,-61.6,,,,245,46,368.1,,368.1
129.0,14994,-61.7,,,,240,50,379.6,,379.6
121.0,15390,-61.8,,,,270,37,386.4,,386.4
115.0,15705,-61.9,,,,240,28,391.9,,391.9
103.0,16387,-62.1,,,,230,36,404.1,,404.1
100.0,16570,-62.1,,,,255,38,407.5,,407.5
74.0,18437,-63.9,,,,220,17,440.3,,440.3
70.0,18780,-63.5,,,,330,5,448.2,,448.2
50.0,20880,-59.1,,,,170,9,503.8,,503.8
30.0,24130,-54.3,,,,90,15,596.0,,596.0
20.0,26770,-49.3,,,,90,24,684.5,,684.5
10.0,31380,-42.9,,,,115,32,858.3,,858.3
